year,race,driver,team,quali_position,quali_time_sec,delta_to_pole,avg_race_pace,median_race_pace,stint_count,pit_stops,final_position,fp2_avg_pace,fp2_med_pace,fp2_laps,sprint_avg_pace,sprint_med_pace,sprint_laps
2024,Pre-Season Testing,NOR,McLaren,1.0,89.525,0.0,97.62211290322581,96.9075,2.0,1,1,94.2785,94.3735,6.0,,,
2024,Pre-Season Testing,VER,Red Bull Racing,2.0,89.728,0.20299999999998875,97.95993548387096,97.256,2.0,1,2,92.87225,92.818,4.0,,,
2024,Pre-Season Testing,HAM,Mercedes,3.0,89.841,0.3159999999999883,98.99708064516128,98.3415,2.0,1,6,94.0644,93.9,5.0,,,
2024,Pre-Season Testing,RUS,Mercedes,4.0,89.867,0.34199999999999875,98.60662903225808,98.1765,2.0,1,4,92.75625,92.708,4.0,,,
2024,Pre-Season Testing,PIA,McLaren,5.0,89.953,0.42799999999999727,98.29667741935482,98.1695,2.0,1,3,92.929,93.1,4.0,,,
2024,Pre-Season Testing,HUL,Haas F1 Team,6.0,90.115,0.5899999999999892,99.27395081967214,98.649,2.0,1,9,92.9795,93.0215,4.0,,,
2024,Pre-Season Testing,ALO,Aston Martin,7.0,90.214,0.688999999999993,99.2367868852459,98.573,2.0,1,8,92.8038,92.966,5.0,,,
2024,Pre-Season Testing,TSU,RB,8.0,90.354,0.8289999999999935,99.36660655737705,99.034,2.0,1,12,93.3004,92.582,5.0,,,
2024,Pre-Season Testing,LEC,Ferrari,9.0,89.747,0.2219999999999942,98.62904838709677,98.658,2.0,1,5,91.7358,91.665,5.0,,,
2024,Pre-Season Testing,SAI,Ferrari,10.0,90.108,0.5829999999999984,99.17112903225807,98.51650000000001,2.0,1,7,93.190666666,92.6625,6.0,,,
2024,Pre-Season Testing,ALB,Williams,11.0,90.474,0.9489999999999981,104.04686666666666,99.762,2.0,1,20,92.4668,92.238,5.0,,,
2024,Pre-Season Testing,COL,Williams,12.0,90.481,0.9559999999999889,99.3254918032787,98.833,2.0,1,11,94.343666666,93.729,6.0,,,
2024,Pre-Season Testing,PER,Red Bull Racing,13.0,90.579,1.0539999999999878,99.2982786885246,98.722,2.0,1,10,92.9296,93.266,5.0,,,
2024,Pre-Season Testing,MAG,Haas F1 Team,14.0,90.653,1.1280000000000001,100.7365357142857,99.4385,3.0,2,19,92.8312,92.983,5.0,,,
2024,Pre-Season Testing,OCO,Alpine,15.0,90.769,1.2439999999999998,99.943868852459,99.245,2.0,1,13,93.405,93.953,5.0,,,
2024,Pre-Season Testing,RIC,RB,16.0,91.085,1.559999999999988,100.69454098360656,99.251,4.0,3,18,92.717,92.652,3.0,,,
2024,Pre-Season Testing,STR,Aston Martin,17.0,91.094,1.5689999999999884,100.00232786885245,99.511,2.0,1,14,93.101166666,93.478,6.0,,,
2024,Pre-Season Testing,GAS,Alpine,18.0,91.312,1.786999999999992,100.19065573770492,99.498,2.0,1,17,93.2502,93.185,5.0,,,
2024,Pre-Season Testing,BOT,Kick Sauber,19.0,91.572,2.046999999999997,100.1704918032787,99.859,2.0,1,16,94.8384,95.066,5.0,,,
2024,Pre-Season Testing,ZHO,Kick Sauber,20.0,92.054,2.5289999999999964,100.16050819672131,99.743,2.0,1,15,93.35225,93.3025,4.0,,,
2024,Bahrain Grand Prix,VER,Red Bull Racing,1.0,89.179,0.0,96.57442105263156,95.679,3.0,2,1,94.751111111,96.527,9.0,,,
2024,Bahrain Grand Prix,LEC,Ferrari,2.0,89.407,0.22799999999999443,97.27036842105262,96.796,3.0,2,4,93.4254,91.578,5.0,,,
2024,Bahrain Grand Prix,RUS,Mercedes,3.0,89.485,0.3059999999999974,97.39526315789473,96.683,3.0,2,5,93.026333333,91.821,3.0,,,
2024,Bahrain Grand Prix,SAI,Ferrari,4.0,89.507,0.32800000000000296,97.01494736842105,96.22,3.0,2,3,91.356,91.576,3.0,,,
2024,Bahrain Grand Prix,PER,Red Bull Racing,5.0,89.537,0.3580000000000041,96.96840350877193,96.249,3.0,2,2,93.7515,93.7875,6.0,,,
2024,Bahrain Grand Prix,ALO,Aston Martin,6.0,89.542,0.36299999999999955,97.88822807017542,97.265,3.0,2,9,91.209666666,91.035,3.0,,,
2024,Bahrain Grand Prix,NOR,McLaren,7.0,89.614,0.4350000000000023,97.42456140350878,96.62,3.0,2,6,92.754,92.754,2.0,,,
2024,Bahrain Grand Prix,PIA,McLaren,8.0,89.683,0.5040000000000049,97.5583157894737,96.796,3.0,2,8,94.877,96.187,9.0,,,
2024,Bahrain Grand Prix,HAM,Mercedes,9.0,89.71,0.5309999999999917,97.45729824561403,96.694,3.0,2,7,92.2995,91.0775,4.0,,,
2024,Bahrain Grand Prix,HUL,Haas F1 Team,10.0,90.502,1.3229999999999933,98.61382142857143,96.947,4.0,3,16,91.699,92.074,3.0,,,
2024,Bahrain Grand Prix,TSU,RB,11.0,90.129,0.9500000000000028,98.46828571428571,97.6885,3.0,2,14,92.8864,92.884,5.0,,,
2024,Bahrain Grand Prix,STR,Aston Martin,12.0,90.2,1.0210000000000008,98.20978947368421,97.175,3.0,2,10,91.6885,91.692,4.0,,,
2024,Bahrain Grand Prix,ALB,Williams,13.0,90.221,1.0420000000000016,98.51121428571427,97.94300000000001,3.0,2,15,91.84525,91.817,4.0,,,
2024,Bahrain Grand Prix,RIC,RB,14.0,90.278,1.0990000000000038,98.45892857142857,97.8185,3.0,2,13,92.31775,92.281,4.0,,,
2024,Bahrain Grand Prix,MAG,Haas F1 Team,15.0,90.529,1.3499999999999943,98.44746428571429,97.947,3.0,2,12,92.10925,91.9705,4.0,,,
2024,Bahrain Grand Prix,BOT,Kick Sauber,16.0,90.756,1.5769999999999982,98.50374545454545,97.918,3.0,2,19,92.4245,92.385,4.0,,,
2024,Bahrain Grand Prix,ZHO,Kick Sauber,17.0,90.757,1.578000000000003,98.41966071428571,97.459,3.0,2,11,92.85825,92.6035,4.0,,,
2024,Bahrain Grand Prix,SAR,Williams,18.0,90.77,1.590999999999994,99.32735185185183,97.781,4.0,3,20,92.889833333,92.3705,6.0,,,
2024,Bahrain Grand Prix,OCO,Alpine,19.0,90.793,1.6140000000000043,98.86057142857143,98.0845,3.0,2,17,92.663,92.674,4.0,,,
2024,Bahrain Grand Prix,GAS,Alpine,20.0,90.948,1.7689999999999912,98.8778392857143,97.9085,4.0,3,18,92.30425,92.345,4.0,,,
2024,Saudi Arabian Grand Prix,VER,Red Bull Racing,1.0,87.472,0.0,93.60822916666666,92.84049999999999,2.0,1,1,92.483357142,93.911,14.0,,,
2024,Saudi Arabian Grand Prix,LEC,Ferrari,2.0,87.791,0.3190000000000026,94.10120833333332,93.3345,2.0,1,3,93.034833333,94.307,12.0,,,
2024,Saudi Arabian Grand Prix,PER,Red Bull Racing,3.0,87.807,0.33500000000000796,93.86772916666666,92.9,2.0,1,2,93.65817647,94.318,17.0,,,
2024,Saudi Arabian Grand Prix,ALO,Aston Martin,4.0,87.846,0.37400000000000944,94.55775000000001,93.852,2.0,1,5,93.204615384,94.618,13.0,,,
2024,Saudi Arabian Grand Prix,PIA,McLaren,5.0,88.089,0.6170000000000044,94.4689375,93.754,2.0,1,4,92.1695,92.705,8.0,,,
2024,Saudi Arabian Grand Prix,NOR,McLaren,6.0,88.132,0.6600000000000108,94.85802083333334,93.745,2.0,1,8,92.739888888,94.179,9.0,,,
2024,Saudi Arabian Grand Prix,RUS,Mercedes,7.0,88.316,0.8440000000000083,94.75318750000001,93.926,2.0,1,6,92.050875,92.3945,8.0,,,
2024,Saudi Arabian Grand Prix,HAM,Mercedes,8.0,88.46,0.9879999999999995,94.95504166666667,93.96700000000001,2.0,1,9,92.306142857,91.411,7.0,,,
2024,Saudi Arabian Grand Prix,TSU,RB,9.0,88.547,1.0750000000000028,97.27591666666667,95.582,2.0,1,15,90.59325,90.801,4.0,,,
2024,Saudi Arabian Grand Prix,STR,Aston Martin,10.0,88.572,1.1000000000000085,97.1216,95.79,1.0,0,19,91.952875,90.714,8.0,,,
2024,Saudi Arabian Grand Prix,BEA,Ferrari,11.0,88.642,1.1700000000000017,96.0482448979592,93.808,2.0,1,7,,,,,,
2024,Saudi Arabian Grand Prix,ALB,Williams,12.0,88.98,1.5080000000000098,96.97232653061225,95.441,2.0,1,11,93.250583333,94.565,12.0,,,
2024,Saudi Arabian Grand Prix,MAG,Haas F1 Team,13.0,89.02,1.5480000000000018,96.91802040816327,95.553,2.0,1,12,90.9335,90.539,4.0,,,
2024,Saudi Arabian Grand Prix,RIC,RB,14.0,89.025,1.5530000000000115,97.29741666666666,95.674,2.0,1,16,92.351,90.907,7.0,,,
2024,Saudi Arabian Grand Prix,HUL,Haas F1 Team,15.0,89.055,1.5830000000000126,95.76462499999998,94.71449999999999,2.0,1,10,91.8886,91.759,5.0,,,
2024,Saudi Arabian Grand Prix,BOT,Kick Sauber,16.0,89.179,1.7070000000000078,97.68866666666666,95.721,3.0,2,17,91.09075,90.945,4.0,,,
2024,Saudi Arabian Grand Prix,OCO,Alpine,17.0,89.475,2.003,97.31054166666668,95.434,2.0,1,13,91.682125,90.8515,8.0,,,
2024,Saudi Arabian Grand Prix,GAS,Alpine,18.0,89.479,2.007000000000005,121.453,121.453,1.0,0,20,90.982714285,90.68,7.0,,,
2024,Saudi Arabian Grand Prix,SAR,Williams,19.0,89.526,2.054000000000002,97.349375,95.6215,2.0,1,14,90.462,90.442,4.0,,,
2024,Saudi Arabian Grand Prix,ZHO,Kick Sauber,20.0,,,98.04847916666665,95.116,2.0,1,18,92.292625,91.6315,8.0,,,
2024,Australian Grand Prix,VER,Red Bull Racing,1.0,75.915,0.0,84.89066666666668,84.099,1.0,0,19,78.3028,77.981,5.0,,,
2024,Australian Grand Prix,SAI,Ferrari,2.0,76.185,0.269999999999996,83.22143103448276,81.578,3.0,2,1,79.207333333,78.638,6.0,,,
2024,Australian Grand Prix,PER,Red Bull Racing,3.0,76.274,0.35899999999999466,84.19227586206898,82.13900000000001,3.0,2,5,79.746375,79.1055,8.0,,,
2024,Australian Grand Prix,NOR,McLaren,4.0,76.315,0.3999999999999915,83.32322413793102,81.803,3.0,2,3,78.444,78.201,3.0,,,
2024,Australian Grand Prix,LEC,Ferrari,5.0,76.435,0.519999999999996,83.26222413793103,81.9085,3.0,2,2,78.848833333,78.1005,6.0,,,
2024,Australian Grand Prix,PIA,McLaren,6.0,76.572,0.6569999999999965,83.83815517241379,82.072,3.0,2,4,80.538555555,81.421,9.0,,,
2024,Australian Grand Prix,RUS,Mercedes,7.0,76.724,0.8089999999999975,83.65596428571429,82.7065,3.0,2,17,78.8002,78.897,5.0,,,
2024,Australian Grand Prix,TSU,RB,8.0,76.788,0.8729999999999905,84.86972413793104,83.03999999999999,3.0,2,7,79.1912,79.185,5.0,,,
2024,Australian Grand Prix,STR,Aston Martin,9.0,77.072,1.1569999999999965,84.82870689655172,83.061,3.0,2,6,79.382666666,79.0595,6.0,,,
2024,Australian Grand Prix,ALO,Aston Martin,10.0,77.552,1.6370000000000005,84.61784482758623,82.7415,3.0,2,8,78.4574,78.127,5.0,,,
2024,Australian Grand Prix,HAM,Mercedes,11.0,76.96,1.0449999999999875,85.2284,83.436,2.0,1,18,79.3495,79.1285,4.0,,,
2024,Australian Grand Prix,ALB,Williams,12.0,77.167,1.2519999999999953,84.76933333333334,83.066,3.0,2,11,,,,,,
2024,Australian Grand Prix,BOT,Kick Sauber,13.0,77.34,1.4249999999999972,85.42401754385963,82.976,3.0,2,14,79.8118,79.537,5.0,,,
2024,Australian Grand Prix,MAG,Haas F1 Team,14.0,77.427,1.5120000000000005,84.75305263157895,83.315,3.0,2,10,79.69075,79.5015,4.0,,,
2024,Australian Grand Prix,OCO,Alpine,15.0,77.697,1.7819999999999965,85.62845614035088,82.989,4.0,3,16,79.369571428,79.158,7.0,,,
2024,Australian Grand Prix,HUL,Haas F1 Team,16.0,77.976,2.060999999999993,85.02406896551723,83.0565,3.0,2,9,79.51025,79.3375,4.0,,,
2024,Australian Grand Prix,GAS,Alpine,17.0,77.982,2.066999999999993,85.31221052631581,83.245,3.0,2,13,79.26875,79.1085,8.0,,,
2024,Australian Grand Prix,RIC,RB,18.0,78.085,2.1699999999999875,84.883350877193,83.105,3.0,2,12,79.1702,79.21,5.0,,,
2024,Australian Grand Prix,ZHO,Kick Sauber,19.0,78.188,2.272999999999996,85.45852631578947,83.196,3.0,3,15,79.503833333,79.552,6.0,,,
2024,Japanese Grand Prix,VER,Red Bull Racing,1.0,88.197,0.0,97.63750980392159,96.437,4.0,3,1,,,,,,
2024,Japanese Grand Prix,PER,Red Bull Racing,2.0,88.263,0.0660000000000025,97.90370588235294,96.733,4.0,3,2,,,,,,
2024,Japanese Grand Prix,NOR,McLaren,3.0,88.489,0.2920000000000016,98.26139215686275,96.412,4.0,3,5,,,,,,
2024,Japanese Grand Prix,SAI,Ferrari,4.0,88.682,0.48499999999999943,98.13513725490199,96.948,4.0,3,3,,,,,,
2024,Japanese Grand Prix,ALO,Aston Martin,5.0,88.686,0.4890000000000043,98.63931372549018,97.359,4.0,3,6,,,,,,
2024,Japanese Grand Prix,PIA,McLaren,6.0,88.76,0.5630000000000024,98.76094117647058,97.364,4.0,3,8,96.897333333,96.862,3.0,,,
2024,Japanese Grand Prix,HAM,Mercedes,7.0,88.766,0.5690000000000026,98.92286274509802,96.746,4.0,3,9,95.226,95.226,1.0,,,
2024,Japanese Grand Prix,LEC,Ferrari,8.0,88.786,0.5889999999999986,98.53758823529411,96.778,3.0,2,4,98.76,98.76,1.0,,,
2024,Japanese Grand Prix,RUS,Mercedes,9.0,89.008,0.8109999999999928,98.97890196078433,96.776,4.0,3,7,,,,,,
2024,Japanese Grand Prix,TSU,RB,10.0,89.413,1.215999999999994,100.2397,97.6215,4.0,3,10,100.946,100.946,1.0,,,
2024,Japanese Grand Prix,RIC,RB,11.0,89.472,1.2749999999999915,,,1.0,0,19,,,,,,
2024,Japanese Grand Prix,HUL,Haas F1 Team,12.0,89.494,1.296999999999997,100.18243999999999,98.69900000000001,4.0,3,11,,,,,,
2024,Japanese Grand Prix,BOT,Kick Sauber,13.0,89.593,1.3960000000000008,101.44864705882354,98.253,4.0,3,14,,,,,,
2024,Japanese Grand Prix,ALB,Williams,14.0,89.714,1.516999999999996,,,1.0,0,20,,,,,,
2024,Japanese Grand Prix,OCO,Alpine,15.0,89.816,1.6189999999999998,101.82566666666666,98.943,4.0,3,15,,,,,,
2024,Japanese Grand Prix,STR,Aston Martin,16.0,90.024,1.8269999999999982,101.29884313725492,98.057,5.0,4,12,,,,,,
2024,Japanese Grand Prix,GAS,Alpine,17.0,90.119,1.921999999999997,102.09619607843138,98.902,4.0,3,16,,,,,,
2024,Japanese Grand Prix,MAG,Haas F1 Team,18.0,90.131,1.9339999999999975,101.48870588235295,98.58,3.0,2,13,,,,,,
2024,Japanese Grand Prix,SAR,Williams,19.0,90.139,1.941999999999993,102.58435294117646,98.968,5.0,4,17,,,,,,
2024,Japanese Grand Prix,ZHO,Kick Sauber,20.0,90.143,1.945999999999998,115.40627272727274,101.117,4.0,3,18,,,,,,
2024,Chinese Grand Prix,VER,Red Bull Racing,1.0,93.66,0.0,105.23545283018866,99.985,3.0,2,1,,,,101.15,101.2225,18.0
2024,Chinese Grand Prix,PER,Red Bull Racing,2.0,93.982,0.32200000000000273,105.89950943396227,100.522,3.0,2,3,,,,101.935166666,101.9105,18.0
2024,Chinese Grand Prix,ALO,Aston Martin,3.0,94.148,0.48799999999999955,107.29964814814815,101.1785,4.0,3,7,,,,101.947285714,102.3115,14.0
2024,Chinese Grand Prix,NOR,McLaren,4.0,94.165,0.5050000000000097,107.44454545454545,101.656,2.0,1,2,,,,102.229888888,102.235,18.0
2024,Chinese Grand Prix,PIA,McLaren,5.0,94.273,0.6129999999999995,108.32136363636364,101.647,3.0,2,8,,,,102.326055555,102.537,18.0
2024,Chinese Grand Prix,LEC,Ferrari,6.0,94.289,0.6290000000000049,106.02094339622643,101.812,2.0,1,4,,,,102.029722222,102.02,18.0
2024,Chinese Grand Prix,SAI,Ferrari,7.0,94.297,0.6370000000000005,107.08585185185186,101.42699999999999,2.0,1,5,,,,102.275555555,102.366,18.0
2024,Chinese Grand Prix,RUS,Mercedes,8.0,94.433,0.7730000000000103,107.98790909090907,101.4,3.0,2,6,,,,102.273833333,102.269,18.0
2024,Chinese Grand Prix,HUL,Haas F1 Team,9.0,94.604,0.9440000000000026,108.4119090909091,101.998,3.0,2,10,,,,103.557111111,103.96,18.0
2024,Chinese Grand Prix,BOT,Kick Sauber,10.0,94.665,1.0050000000000097,104.13263157894738,102.768,2.0,1,20,,,,102.998722222,102.977,18.0
2024,Chinese Grand Prix,STR,Aston Martin,11.0,94.838,1.1779999999999973,105.80332075471698,101.825,5.0,4,15,,,,103.011666666,103.101,18.0
2024,Chinese Grand Prix,RIC,RB,12.0,94.934,1.274000000000001,113.8971875,103.82050000000001,2.0,1,18,,,,102.929944444,102.7385,18.0
2024,Chinese Grand Prix,OCO,Alpine,13.0,95.223,1.5630000000000024,109.20296428571429,102.1525,3.0,2,11,,,,102.959666666,102.9025,18.0
2024,Chinese Grand Prix,ALB,Williams,14.0,95.241,1.581000000000003,109.25107142857142,102.6865,3.0,2,12,,,,103.069277777,102.938,18.0
2024,Chinese Grand Prix,GAS,Alpine,15.0,95.463,1.8029999999999973,109.31744642857143,102.077,4.0,3,13,,,,102.9865,102.918,18.0
2024,Chinese Grand Prix,ZHO,Kick Sauber,16.0,95.505,1.8449999999999989,108.57767272727273,102.746,4.0,3,14,,,,102.693777777,102.8115,18.0
2024,Chinese Grand Prix,MAG,Haas F1 Team,17.0,95.516,1.8560000000000088,108.53634545454545,103.461,3.0,2,16,,,,102.963944444,102.8755,18.0
2024,Chinese Grand Prix,HAM,Mercedes,18.0,95.573,1.9129999999999967,109.11678571428571,102.00550000000001,3.0,2,9,,,,101.968777777,102.3395,18.0
2024,Chinese Grand Prix,TSU,RB,19.0,95.746,2.0859999999999985,111.04673076923076,103.594,3.0,2,19,,,,103.019833333,102.989,18.0
2024,Chinese Grand Prix,SAR,Williams,20.0,96.358,2.6980000000000075,109.60114285714285,102.84,3.0,3,17,,,,103.2175,103.095,18.0
2024,Miami Grand Prix,VER,Red Bull Racing,1.0,87.241,0.0,94.68669642857142,92.52250000000001,2.0,1,2,,,,91.12025,91.0645,16.0
2024,Miami Grand Prix,LEC,Ferrari,2.0,87.382,0.14100000000000534,94.78089285714285,92.39349999999999,2.0,1,3,,,,91.286875,91.256,16.0
2024,Miami Grand Prix,SAI,Ferrari,3.0,87.455,0.21399999999999864,95.81198245614036,92.775,2.0,1,5,,,,91.9374375,91.8055,16.0
2024,Miami Grand Prix,PER,Red Bull Racing,4.0,87.46,0.2189999999999941,95.86887719298245,92.763,3.0,2,4,,,,91.336125,91.38,16.0
2024,Miami Grand Prix,NOR,McLaren,5.0,87.594,0.35299999999999443,94.52207142857142,92.1575,2.0,1,1,,,,,,
2024,Miami Grand Prix,PIA,McLaren,6.0,87.675,0.4339999999999975,95.52126785714283,92.838,3.0,2,13,,,,91.939625,91.787,16.0
2024,Miami Grand Prix,RUS,Mercedes,7.0,88.067,0.8259999999999934,96.22219298245612,93.562,2.0,1,8,,,,92.9534375,92.7815,16.0
2024,Miami Grand Prix,HAM,Mercedes,8.0,88.107,0.8659999999999997,95.90282456140349,93.333,2.0,1,6,,,,92.699375,92.3815,16.0
2024,Miami Grand Prix,HUL,Haas F1 Team,9.0,88.146,0.9050000000000011,96.32745614035088,93.561,3.0,2,11,,,,92.303625,92.2705,16.0
2024,Miami Grand Prix,TSU,RB,10.0,88.192,0.9509999999999934,96.07124561403512,93.382,2.0,1,7,,,,92.704125,92.635,16.0
2024,Miami Grand Prix,STR,Aston Martin,11.0,88.222,0.9809999999999945,96.40436842105264,93.711,3.0,2,17,,,,,,
2024,Miami Grand Prix,GAS,Alpine,12.0,88.324,1.0829999999999984,96.40059649122809,93.614,2.0,1,12,,,,92.7998125,92.5375,16.0
2024,Miami Grand Prix,OCO,Alpine,13.0,88.371,1.1299999999999955,96.30915789473684,93.867,2.0,1,10,,,,92.9731875,92.8485,16.0
2024,Miami Grand Prix,ALB,Williams,14.0,88.413,1.171999999999997,96.9467894736842,93.78,3.0,2,18,,,,92.908125,92.732,16.0
2024,Miami Grand Prix,ALO,Aston Martin,15.0,88.427,1.186000000000007,96.26285964912282,93.751,2.0,1,9,,,,92.977571428,92.8305,14.0
2024,Miami Grand Prix,BOT,Kick Sauber,16.0,88.463,1.2219999999999942,96.53038596491228,93.615,3.0,2,16,,,,92.98275,92.88,16.0
2024,Miami Grand Prix,SAR,Williams,17.0,88.487,1.2459999999999951,95.68666666666668,94.215,2.0,1,20,,,,92.9226875,92.7375,16.0
2024,Miami Grand Prix,RIC,RB,18.0,88.617,1.3760000000000048,96.50582456140351,93.982,2.0,1,15,,,,91.978375,91.8845,16.0
2024,Miami Grand Prix,MAG,Haas F1 Team,19.0,88.619,1.3780000000000001,96.5712105263158,93.856,4.0,3,19,,,,92.8494375,92.452,16.0
2024,Miami Grand Prix,ZHO,Kick Sauber,20.0,88.824,1.5829999999999984,96.4886842105263,93.784,2.0,1,14,,,,92.937875,92.792,16.0
2024,Emilia Romagna Grand Prix,VER,Red Bull Racing,1.0,74.746,0.0,81.35320634920635,80.817,2.0,1,1,77.67925,76.832,4.0,,,
2024,Emilia Romagna Grand Prix,PIA,McLaren,2.0,74.82,0.07399999999999807,81.57752380952381,80.982,2.0,1,4,79.748,80.453,15.0,,,
2024,Emilia Romagna Grand Prix,NOR,McLaren,3.0,74.837,0.09100000000000819,81.36471428571429,80.828,2.0,1,2,80.2851875,80.755,16.0,,,
2024,Emilia Romagna Grand Prix,LEC,Ferrari,4.0,74.97,0.22400000000000375,81.47885714285715,80.928,2.0,1,3,78.869833333,80.1095,12.0,,,
2024,Emilia Romagna Grand Prix,SAI,Ferrari,5.0,75.233,0.487000000000009,81.70757142857144,81.236,2.0,1,5,79.525545454,80.898,11.0,,,
2024,Emilia Romagna Grand Prix,RUS,Mercedes,6.0,75.234,0.48799999999999955,82.10168253968256,81.267,3.0,2,7,78.808363636,78.102,11.0,,,
2024,Emilia Romagna Grand Prix,TSU,RB,7.0,75.465,0.7190000000000083,82.95335483870969,82.336,2.0,1,10,77.668666666,77.1575,6.0,,,
2024,Emilia Romagna Grand Prix,HAM,Mercedes,8.0,75.504,0.7580000000000098,81.91041269841271,81.446,2.0,1,6,78.90425,79.0365,12.0,,,
2024,Emilia Romagna Grand Prix,RIC,RB,9.0,75.674,0.9280000000000115,83.11150000000002,82.299,2.0,1,13,77.6252,77.708,5.0,,,
2024,Emilia Romagna Grand Prix,HUL,Haas F1 Team,10.0,75.98,1.2340000000000089,83.07304838709678,82.45750000000001,2.0,1,11,78.3264,78.141,5.0,,,
2024,Emilia Romagna Grand Prix,PER,Red Bull Racing,11.0,75.706,0.960000000000008,82.22266666666667,81.97,2.0,1,8,78.8695,78.9735,6.0,,,
2024,Emilia Romagna Grand Prix,OCO,Alpine,12.0,75.906,1.1600000000000108,83.37353225806451,82.793,2.0,1,14,78.0078,78.328,5.0,,,
2024,Emilia Romagna Grand Prix,STR,Aston Martin,13.0,75.992,1.2460000000000093,82.616,82.415,2.0,1,9,78.175666666,77.6845,6.0,,,
2024,Emilia Romagna Grand Prix,ALB,Williams,14.0,76.2,1.4540000000000077,84.49361999999999,82.038,5.0,4,20,78.0175,77.869,4.0,,,
2024,Emilia Romagna Grand Prix,GAS,Alpine,15.0,76.381,1.6350000000000051,83.46720967741933,82.429,3.0,2,16,78.707285714,78.001,7.0,,,
2024,Emilia Romagna Grand Prix,BOT,Kick Sauber,16.0,76.626,1.8800000000000097,83.5741129032258,82.7585,2.0,1,18,77.7654,78.107,5.0,,,
2024,Emilia Romagna Grand Prix,ZHO,Kick Sauber,17.0,76.834,2.088000000000008,83.39008064516129,82.973,2.0,1,15,78.470333333,78.6025,6.0,,,
2024,Emilia Romagna Grand Prix,MAG,Haas F1 Team,18.0,76.854,2.108000000000004,83.09170967741936,82.854,2.0,1,12,79.208666666,79.7655,6.0,,,
2024,Emilia Romagna Grand Prix,ALO,Aston Martin,19.0,76.917,2.1710000000000065,83.87703225806452,82.7325,4.0,4,19,77.5794,77.66,5.0,,,
2024,Emilia Romagna Grand Prix,SAR,Williams,20.0,,,83.48875806451613,83.001,2.0,1,17,78.284,78.393,3.0,,,
2024,Monaco Grand Prix,LEC,Ferrari,1.0,70.27,0.0,109.32074025974026,78.506,2.0,1,1,72.977454545,72.26,11.0,,,
2024,Monaco Grand Prix,PIA,McLaren,2.0,70.424,0.15400000000001057,109.43609090909091,78.523,2.0,1,2,74.49776923,74.837,13.0,,,
2024,Monaco Grand Prix,SAI,Ferrari,3.0,70.518,0.24800000000000466,109.4866883116883,78.568,2.0,1,3,73.801384615,73.278,13.0,,,
2024,Monaco Grand Prix,NOR,McLaren,4.0,70.542,0.27200000000000557,109.56542857142858,78.403,2.0,1,4,74.2619,73.964,10.0,,,
2024,Monaco Grand Prix,RUS,Mercedes,5.0,70.543,0.27300000000001035,109.69736363636362,78.651,2.0,1,5,73.501142857,73.249,7.0,,,
2024,Monaco Grand Prix,VER,Red Bull Racing,6.0,70.567,0.29699999999999704,109.76576623376621,78.574,3.0,2,6,74.566230769,75.147,13.0,,,
2024,Monaco Grand Prix,HAM,Mercedes,7.0,70.621,0.3509999999999991,109.83961038961039,78.587,3.0,2,7,74.083875,73.6945,8.0,,,
2024,Monaco Grand Prix,TSU,RB,8.0,70.858,0.5880000000000081,112.1433896103896,80.184,2.0,1,8,74.065727272,73.753,11.0,,,
2024,Monaco Grand Prix,ALB,Williams,9.0,70.948,0.6779999999999973,112.33254545454548,80.245,2.0,1,9,74.403214285,74.4315,14.0,,,
2024,Monaco Grand Prix,GAS,Alpine,10.0,71.311,1.041000000000011,112.41292207792208,80.237,2.0,1,10,74.2689,74.1625,10.0,,,
2024,Monaco Grand Prix,OCO,Alpine,11.0,71.285,1.0150000000000006,,,1.0,0,17,73.937266666,73.687,15.0,,,
2024,Monaco Grand Prix,RIC,RB,12.0,71.482,1.2120000000000033,113.15550000000002,80.8555,2.0,1,12,74.1918,74.1535,10.0,,,
2024,Monaco Grand Prix,STR,Aston Martin,13.0,71.563,1.2930000000000064,113.17790789473685,80.047,4.0,3,14,73.013125,73.2665,8.0,,,
2024,Monaco Grand Prix,HUL,Haas F1 Team,14.0,71.44,1.1700000000000017,,,1.0,0,19,74.488727272,74.815,11.0,,,
2024,Monaco Grand Prix,ALO,Aston Martin,14.0,72.019,1.7490000000000094,113.15010526315788,80.6905,2.0,1,11,73.006,73.015,7.0,,,
2024,Monaco Grand Prix,SAR,Williams,15.0,72.02,1.75,113.21815789473686,80.875,3.0,2,15,74.474,74.5905,10.0,,,
2024,Monaco Grand Prix,MAG,Haas F1 Team,15.0,71.725,1.4549999999999983,,,1.0,0,20,74.42675,74.41,12.0,,,
2024,Monaco Grand Prix,PER,Red Bull Racing,16.0,72.06,1.7900000000000063,,,1.0,0,18,74.480833333,74.956,12.0,,,
2024,Monaco Grand Prix,BOT,Kick Sauber,17.0,72.512,2.2420000000000044,113.15844736842105,80.5435,3.0,2,13,74.123090909,73.748,11.0,,,
2024,Monaco Grand Prix,ZHO,Kick Sauber,18.0,73.028,2.7580000000000098,113.82650000000002,80.9745,3.0,2,16,74.731,74.475,10.0,,,
2024,Canadian Grand Prix,RUS,Mercedes,1.0,72.0,0.0,90.74634285714288,87.424,4.0,3,3,78.81,79.037,4.0,,,
2024,Canadian Grand Prix,VER,Red Bull Racing,2.0,72.0,0.0,90.68467142857145,86.69149999999999,3.0,2,1,79.311,79.311,1.0,,,
2024,Canadian Grand Prix,NOR,McLaren,3.0,72.021,0.021000000000000796,90.7400857142857,86.4615,3.0,2,2,80.843,80.843,1.0,,,
2024,Canadian Grand Prix,PIA,McLaren,4.0,72.103,0.10299999999999443,90.83037142857144,86.588,3.0,2,5,79.899666666,79.885,3.0,,,
2024,Canadian Grand Prix,RIC,RB,5.0,72.178,0.17799999999999727,91.09427142857143,88.11,3.0,2,8,78.503,78.074,3.0,,,
2024,Canadian Grand Prix,ALO,Aston Martin,6.0,72.228,0.22799999999999443,90.93481428571427,87.509,3.0,2,6,78.3375,78.2485,6.0,,,
2024,Canadian Grand Prix,HAM,Mercedes,7.0,72.28,0.28000000000000114,90.75488571428568,86.8965,4.0,3,4,78.9348,78.379,5.0,,,
2024,Canadian Grand Prix,TSU,RB,8.0,72.414,0.4140000000000015,91.43744285714286,88.507,2.0,1,14,78.286333333,78.01,3.0,,,
2024,Canadian Grand Prix,STR,Aston Martin,9.0,72.701,0.7009999999999934,91.02217142857141,87.6385,3.0,2,7,78.1716,78.21,5.0,,,
2024,Canadian Grand Prix,ALB,Williams,10.0,72.796,0.7960000000000065,92.09692307692309,89.1285,3.0,2,17,78.491,78.637,5.0,,,
2024,Canadian Grand Prix,LEC,Ferrari,11.0,72.691,0.6910000000000025,96.0827,92.02199999999999,4.0,3,19,78.91,79.1805,4.0,,,
2024,Canadian Grand Prix,SAI,Ferrari,12.0,72.728,0.7279999999999944,92.08600000000001,89.03399999999999,3.0,2,16,78.8655,78.8655,2.0,,,
2024,Canadian Grand Prix,SAR,Williams,13.0,72.736,0.7360000000000042,94.10952173913044,90.075,1.0,0,20,79.16275,79.068,4.0,,,
2024,Canadian Grand Prix,MAG,Haas F1 Team,14.0,72.916,0.9159999999999968,91.13114285714285,88.2355,5.0,4,12,78.5655,78.48,4.0,,,
2024,Canadian Grand Prix,GAS,Alpine,15.0,72.94,0.9399999999999977,91.11354285714285,88.444,3.0,2,9,80.789,80.789,1.0,,,
2024,Canadian Grand Prix,PER,Red Bull Racing,16.0,73.326,1.3259999999999934,92.368,89.598,3.0,2,18,77.8435,77.8435,2.0,,,
2024,Canadian Grand Prix,BOT,Kick Sauber,17.0,73.366,1.3659999999999997,91.26305714285715,88.801,2.0,2,13,78.651,78.651,2.0,,,
2024,Canadian Grand Prix,OCO,Alpine,18.0,73.435,1.4350000000000023,91.11771428571429,88.21000000000001,2.0,1,10,78.6224,78.279,5.0,,,
2024,Canadian Grand Prix,HUL,Haas F1 Team,19.0,73.978,1.9779999999999944,91.1250142857143,88.767,4.0,3,11,78.5705,78.5705,2.0,,,
2024,Canadian Grand Prix,ZHO,Kick Sauber,20.0,74.292,2.2920000000000016,92.77471014492754,89.176,4.0,4,15,79.087,79.087,1.0,,,
2024,Spanish Grand Prix,NOR,McLaren,1.0,71.383,0.0,80.3400909090909,79.78999999999999,3.0,2,2,74.130666666,74.197,3.0,,,
2024,Spanish Grand Prix,VER,Red Bull Racing,2.0,71.403,0.020000000000010232,80.30646969696971,79.81,3.0,2,1,74.215666666,74.447,3.0,,,
2024,Spanish Grand Prix,HAM,Mercedes,3.0,71.701,0.31799999999999784,80.57601515151515,79.997,3.0,2,3,74.0775,73.9945,4.0,,,
2024,Spanish Grand Prix,RUS,Mercedes,4.0,71.703,0.3200000000000074,80.64465151515152,79.9995,3.0,2,4,74.5828,74.089,5.0,,,
2024,Spanish Grand Prix,LEC,Ferrari,5.0,71.731,0.347999999999999,80.65054545454544,79.846,3.0,2,5,74.074666666,73.806,3.0,,,
2024,Spanish Grand Prix,SAI,Ferrari,6.0,71.736,0.35300000000000864,80.77659090909091,80.05350000000001,3.0,2,6,74.384666666,74.746,3.0,,,
2024,Spanish Grand Prix,GAS,Alpine,7.0,71.857,0.47400000000000375,81.24624242424241,80.482,3.0,2,9,74.7494,75.228,5.0,,,
2024,Spanish Grand Prix,PER,Red Bull Racing,8.0,72.061,0.6780000000000115,81.20834848484847,80.1645,4.0,3,8,75.012666666,75.46,3.0,,,
2024,Spanish Grand Prix,OCO,Alpine,9.0,72.125,0.7420000000000044,81.39569696969697,80.751,3.0,2,10,74.7944,75.106,5.0,,,
2024,Spanish Grand Prix,PIA,McLaren,10.0,72.011,0.6280000000000001,80.81798484848485,79.92750000000001,3.0,2,7,74.912666666,75.118,3.0,,,
2024,Spanish Grand Prix,ALO,Aston Martin,11.0,72.128,0.7450000000000045,81.68806153846154,81.139,3.0,2,12,75.4604,75.969,5.0,,,
2024,Spanish Grand Prix,BOT,Kick Sauber,12.0,72.227,0.8440000000000083,82.36215384615384,81.601,3.0,2,16,74.94525,75.0115,4.0,,,
2024,Spanish Grand Prix,HUL,Haas F1 Team,13.0,72.31,0.9270000000000067,81.4309393939394,81.03,3.0,2,11,75.297333333,75.862,3.0,,,
2024,Spanish Grand Prix,STR,Aston Martin,14.0,72.372,0.9890000000000043,81.93044615384615,81.3,3.0,2,14,75.3796,75.562,5.0,,,
2024,Spanish Grand Prix,ZHO,Kick Sauber,15.0,72.738,1.355000000000004,81.78004615384613,81.268,3.0,2,13,75.835,76.175,6.0,,,
2024,Spanish Grand Prix,MAG,Haas F1 Team,16.0,72.937,1.554000000000002,82.38484615384615,81.366,3.0,2,17,75.0408,75.373,5.0,,,
2024,Spanish Grand Prix,TSU,RB,17.0,72.985,1.6020000000000039,82.52509230769232,81.553,4.0,3,19,75.426,75.7115,4.0,,,
2024,Spanish Grand Prix,RIC,RB,18.0,73.075,1.6920000000000073,82.21964615384616,81.415,3.0,2,15,75.367666666,75.922,3.0,,,
2024,Spanish Grand Prix,ALB,Williams,19.0,73.153,1.7700000000000102,82.43655384615386,81.577,3.0,3,18,76.1606,76.272,5.0,,,
2024,Spanish Grand Prix,SAR,Williams,20.0,73.509,2.1260000000000048,82.892078125,82.314,3.0,2,20,76.158,76.1115,4.0,,,
2024,Austrian Grand Prix,VER,Red Bull Racing,1.0,64.314,0.0,71.69085915492958,70.288,4.0,3,5,,,,69.513136363,69.5735,22.0
2024,Austrian Grand Prix,NOR,McLaren,2.0,64.718,0.4040000000000106,71.73521875,70.4175,3.0,2,20,,,,69.714772727,69.6495,22.0
2024,Austrian Grand Prix,RUS,Mercedes,3.0,64.84,0.5260000000000105,71.30701408450705,70.467,3.0,2,1,,,,69.7705,69.6995,22.0
2024,Austrian Grand Prix,SAI,Ferrari,4.0,64.851,0.5370000000000061,71.37085915492958,70.509,3.0,2,3,,,,69.867454545,69.84,22.0
2024,Austrian Grand Prix,HAM,Mercedes,5.0,64.903,0.5890000000000128,71.63295774647887,70.677,3.0,2,4,,,,69.881181818,69.8205,22.0
2024,Austrian Grand Prix,LEC,Ferrari,6.0,65.044,0.730000000000004,72.25146478873239,70.622,5.0,4,11,,,,69.967,70.0145,22.0
2024,Austrian Grand Prix,PIA,McLaren,7.0,65.048,0.7340000000000089,71.33385915492956,70.607,3.0,2,2,,,,69.645454545,69.757,22.0
2024,Austrian Grand Prix,PER,Red Bull Racing,8.0,65.202,0.8880000000000052,72.07704225352113,71.138,3.0,2,7,,,,70.125272727,70.1485,22.0
2024,Austrian Grand Prix,HUL,Haas F1 Team,9.0,65.385,1.0710000000000122,72.06881690140845,71.192,3.0,2,6,,,,70.944863636,70.868,22.0
2024,Austrian Grand Prix,OCO,Alpine,10.0,65.883,1.5690000000000026,72.26933802816902,71.478,3.0,2,12,,,,70.692181818,70.537,22.0
2024,Austrian Grand Prix,RIC,RB,11.0,65.289,0.9750000000000085,72.16854929577465,71.376,3.0,2,9,,,,70.960545454,70.823,22.0
2024,Austrian Grand Prix,MAG,Haas F1 Team,12.0,65.347,1.0330000000000013,72.15708450704226,71.273,3.0,2,8,,,,70.398454545,70.355,22.0
2024,Austrian Grand Prix,GAS,Alpine,13.0,65.359,1.0450000000000017,72.17695774647886,71.343,3.0,2,10,,,,70.675636363,70.5585,22.0
2024,Austrian Grand Prix,TSU,RB,14.0,65.412,1.0980000000000132,72.51347142857144,71.5655,3.0,2,14,,,,70.847818181,70.8315,22.0
2024,Austrian Grand Prix,ALO,Aston Martin,15.0,65.639,1.3250000000000028,73.00654285714288,71.53800000000001,4.0,3,18,,,,71.044666666,70.894,21.0
2024,Austrian Grand Prix,ALB,Williams,16.0,65.736,1.4220000000000113,72.48091428571426,71.535,3.0,2,15,,,,71.097090909,71.1035,22.0
2024,Austrian Grand Prix,STR,Aston Martin,17.0,65.819,1.5050000000000097,72.4718857142857,71.539,3.0,2,13,,,,70.645,70.4885,22.0
2024,Austrian Grand Prix,BOT,Kick Sauber,18.0,65.847,1.5330000000000013,72.6024714285714,71.64750000000001,3.0,2,16,,,,71.269136363,71.2805,22.0
2024,Austrian Grand Prix,SAR,Williams,19.0,65.856,1.5420000000000016,73.46531884057971,72.051,4.0,3,19,,,,71.1865,70.9815,22.0
2024,Austrian Grand Prix,ZHO,Kick Sauber,20.0,66.061,1.747000000000014,72.96685714285714,72.009,3.0,3,17,,,,71.548227272,71.653,22.0
2024,British Grand Prix,RUS,Mercedes,1.0,85.819,0.0,96.11142424242425,91.799,2.0,1,19,90.654333333,92.001,9.0,,,
2024,British Grand Prix,HAM,Mercedes,2.0,85.99,0.17099999999999227,95.13575,91.731,3.0,2,1,89.932555555,89.541,9.0,,,
2024,British Grand Prix,NOR,McLaren,3.0,86.03,0.21099999999999852,95.28088461538461,91.976,3.0,2,3,90.642416666,91.709,12.0,,,
2024,British Grand Prix,VER,Red Bull Racing,4.0,86.203,0.38400000000000034,95.16392307692308,92.09049999999999,3.0,2,2,91.1366,91.9905,10.0,,,
2024,British Grand Prix,PIA,McLaren,5.0,86.237,0.41799999999999216,95.37476923076922,91.926,3.0,2,4,90.634545454,91.859,11.0,,,
2024,British Grand Prix,HUL,Haas F1 Team,6.0,86.338,0.5189999999999912,96.20732692307693,92.7505,3.0,2,6,88.9115,89.2585,4.0,,,
2024,British Grand Prix,SAI,Ferrari,7.0,86.509,0.6899999999999977,96.04571153846155,92.4695,4.0,3,5,89.7578,88.666,10.0,,,
2024,British Grand Prix,STR,Aston Martin,8.0,86.585,0.7659999999999911,96.22361538461536,93.015,3.0,2,7,88.3812,88.824,5.0,,,
2024,British Grand Prix,ALB,Williams,9.0,86.64,0.820999999999998,96.45088461538461,93.0795,3.0,2,9,90.599,90.8695,6.0,,,
2024,British Grand Prix,ALO,Aston Martin,10.0,86.917,1.097999999999999,96.35838461538461,92.7265,3.0,2,8,88.2822,88.694,5.0,,,
2024,British Grand Prix,LEC,Ferrari,11.0,87.097,1.2779999999999916,97.79474509803921,92.858,4.0,3,14,90.4782,92.031,10.0,,,
2024,British Grand Prix,SAR,Williams,12.0,87.175,1.3559999999999945,96.84651923076922,93.229,3.0,2,11,88.89975,88.6875,4.0,,,
2024,British Grand Prix,TSU,RB,13.0,87.269,1.4500000000000028,96.66080769230767,93.13499999999999,3.0,2,10,88.752,88.8235,6.0,,,
2024,British Grand Prix,ZHO,Kick Sauber,14.0,87.867,2.048000000000002,100.0307,96.0755,5.0,4,18,88.563,88.4845,4.0,,,
2024,British Grand Prix,RIC,RB,15.0,87.949,2.1299999999999955,97.196,93.709,3.0,2,13,88.9246,89.17,5.0,,,
2024,British Grand Prix,BOT,Kick Sauber,16.0,92.431,6.611999999999995,97.82117647058824,94.076,3.0,2,15,88.5348,89.025,5.0,,,
2024,British Grand Prix,MAG,Haas F1 Team,17.0,92.905,7.0859999999999985,96.86946153846154,93.2685,3.0,2,12,89.1608,89.231,5.0,,,
2024,British Grand Prix,OCO,Alpine,18.0,94.557,8.738,99.15482000000002,95.70949999999999,5.0,4,16,88.4846,88.723,5.0,,,
2024,British Grand Prix,PER,Red Bull Racing,19.0,98.348,12.528999999999996,99.30127999999999,94.53,5.0,5,17,89.355142857,88.622,7.0,,,
2024,British Grand Prix,GAS,Alpine,20.0,99.804,13.985,,,1.0,0,20,88.791333333,88.867,6.0,,,
2024,Hungarian Grand Prix,NOR,McLaren,1.0,75.227,0.0,84.059,83.721,3.0,2,2,78.89,79.175,3.0,,,
2024,Hungarian Grand Prix,PIA,McLaren,2.0,75.249,0.02199999999999136,84.02841428571428,83.6815,3.0,2,1,79.60125,79.8485,4.0,,,
2024,Hungarian Grand Prix,VER,Red Bull Racing,3.0,75.273,0.04599999999999227,84.3334,83.90299999999999,3.0,2,5,78.656,78.724,3.0,,,
2024,Hungarian Grand Prix,SAI,Ferrari,4.0,75.696,0.4689999999999941,84.35802857142858,83.774,3.0,2,6,78.81,79.048,3.0,,,
2024,Hungarian Grand Prix,HAM,Mercedes,5.0,75.854,0.6269999999999953,84.24098571428571,83.41,3.0,2,3,78.662,78.662,2.0,,,
2024,Hungarian Grand Prix,LEC,Ferrari,6.0,75.905,0.6779999999999973,84.30964285714286,83.38300000000001,3.0,2,4,80.9925,80.9925,2.0,,,
2024,Hungarian Grand Prix,ALO,Aston Martin,7.0,76.043,0.8160000000000025,85.20641428571429,84.65899999999999,3.0,2,11,79.247,79.371,3.0,,,
2024,Hungarian Grand Prix,STR,Aston Martin,8.0,76.244,1.016999999999996,85.14235714285715,84.5455,3.0,2,10,79.606666666,79.687,3.0,,,
2024,Hungarian Grand Prix,RIC,RB,9.0,76.447,1.2199999999999989,85.50598550724636,85.145,3.0,2,12,78.6895,78.6895,2.0,,,
2024,Hungarian Grand Prix,TSU,RB,10.0,76.477,1.25,85.1321142857143,84.58699999999999,2.0,1,9,79.987,79.728,3.0,,,
2024,Hungarian Grand Prix,HUL,Haas F1 Team,11.0,76.317,1.0899999999999892,85.72714492753624,85.022,3.0,2,13,80.113,80.195,5.0,,,
2024,Hungarian Grand Prix,BOT,Kick Sauber,12.0,76.384,1.1569999999999965,85.9043188405797,85.395,3.0,2,16,79.2696,79.543,5.0,,,
2024,Hungarian Grand Prix,ALB,Williams,13.0,76.429,1.2019999999999982,85.77910144927534,84.98,3.0,2,14,79.065666666,79.263,3.0,,,
2024,Hungarian Grand Prix,SAR,Williams,14.0,76.543,1.3160000000000025,86.00840579710143,85.427,4.0,3,17,79.074,79.271,3.0,,,
2024,Hungarian Grand Prix,MAG,Haas F1 Team,15.0,76.548,1.320999999999998,85.90276811594204,85.413,3.0,2,15,79.502,79.721,3.0,,,
2024,Hungarian Grand Prix,PER,Red Bull Racing,16.0,77.886,2.658999999999992,84.59687142857143,83.876,3.0,2,7,79.5815,78.6915,4.0,,,
2024,Hungarian Grand Prix,RUS,Mercedes,17.0,77.968,2.7409999999999997,84.63367142857143,84.64699999999999,3.0,2,8,78.5555,78.5555,2.0,,,
2024,Hungarian Grand Prix,ZHO,Kick Sauber,18.0,78.037,2.8100000000000023,86.16792753623189,85.524,3.0,2,19,80.1075,80.1075,2.0,,,
2024,Hungarian Grand Prix,OCO,Alpine,19.0,78.049,2.8220000000000027,86.12924637681158,85.239,4.0,3,18,79.5334,79.831,5.0,,,
2024,Hungarian Grand Prix,GAS,Alpine,20.0,78.166,2.938999999999993,86.6440909090909,85.728,2.0,2,20,79.5314,79.617,5.0,,,
2024,Belgian Grand Prix,VER,Red Bull Racing,1.0,113.159,0.0,109.23331818181822,108.417,3.0,2,4,106.9082,108.105,10.0,,,
2024,Belgian Grand Prix,LEC,Ferrari,2.0,113.754,0.5949999999999989,109.21793181818181,108.3,3.0,2,3,106.18475,106.4315,4.0,,,
2024,Belgian Grand Prix,PER,Red Bull Racing,3.0,113.765,0.6059999999999945,110.00534090909092,108.529,4.0,3,7,106.471,106.5805,6.0,,,
2024,Belgian Grand Prix,HAM,Mercedes,4.0,113.835,0.6759999999999877,109.0355909090909,108.034,3.0,2,1,105.687666666,104.164,6.0,,,
2024,Belgian Grand Prix,NOR,McLaren,5.0,113.981,0.8219999999999885,109.2475,108.1615,3.0,2,5,105.920833333,105.772,6.0,,,
2024,Belgian Grand Prix,PIA,McLaren,6.0,114.027,0.867999999999995,109.05029545454545,108.17699999999999,3.0,2,2,107.430272727,107.783,11.0,,,
2024,Belgian Grand Prix,RUS,Mercedes,7.0,114.184,1.0249999999999915,109.02363636363638,108.28999999999999,2.0,1,20,103.743666666,103.738,3.0,,,
2024,Belgian Grand Prix,SAI,Ferrari,8.0,114.477,1.3179999999999978,109.47352272727272,108.9365,3.0,2,6,106.217833333,106.2235,6.0,,,
2024,Belgian Grand Prix,ALO,Aston Martin,9.0,114.765,1.6059999999999945,110.1591590909091,109.50450000000001,2.0,1,8,105.1648,104.622,5.0,,,
2024,Belgian Grand Prix,OCO,Alpine,10.0,114.81,1.6509999999999962,110.21799999999999,109.47800000000001,3.0,2,9,106.1855,105.309,6.0,,,
2024,Belgian Grand Prix,ALB,Williams,11.0,114.473,1.313999999999993,110.47025,109.81649999999999,3.0,2,12,105.2535,104.338,4.0,,,
2024,Belgian Grand Prix,GAS,Alpine,12.0,114.635,1.475999999999999,110.48647727272727,109.8075,3.0,2,13,104.362333333,104.594,3.0,,,
2024,Belgian Grand Prix,RIC,RB,13.0,114.682,1.5229999999999961,110.27195454545455,109.44800000000001,3.0,2,10,104.406333333,104.411,3.0,,,
2024,Belgian Grand Prix,BOT,Kick Sauber,14.0,114.764,1.6049999999999898,110.62904545454545,109.84450000000001,3.0,2,15,104.142333333,104.034,3.0,,,
2024,Belgian Grand Prix,STR,Aston Martin,15.0,115.716,2.556999999999988,110.45570454545454,109.652,2.0,1,11,104.101666666,104.355,3.0,,,
2024,Belgian Grand Prix,HUL,Haas F1 Team,16.0,116.308,3.149000000000001,111.04256818181817,109.815,3.0,2,18,104.416666666,104.005,3.0,,,
2024,Belgian Grand Prix,MAG,Haas F1 Team,17.0,116.5,3.340999999999994,110.53797727272728,109.93,2.0,1,14,104.326,104.373,4.0,,,
2024,Belgian Grand Prix,TSU,RB,18.0,116.593,3.4339999999999975,110.76765909090909,109.6465,2.0,1,16,104.936333333,104.89,3.0,,,
2024,Belgian Grand Prix,SAR,Williams,19.0,117.23,4.070999999999998,110.97947727272727,110.41550000000001,3.0,2,17,105.090666666,105.159,3.0,,,
2024,Belgian Grand Prix,ZHO,Kick Sauber,20.0,117.775,4.616,119.80725000000001,116.7485,1.0,0,19,105.556,106.035,5.0,,,
2024,Dutch Grand Prix,NOR,McLaren,1.0,69.673,0.0,75.63220833333334,74.945,2.0,1,1,74.648642857,75.303,14.0,,,
2024,Dutch Grand Prix,VER,Red Bull Racing,2.0,70.029,0.35599999999999454,75.95020833333335,75.269,2.0,1,2,74.499,75.169,9.0,,,
2024,Dutch Grand Prix,PIA,McLaren,3.0,70.172,0.4989999999999952,76.01188888888889,75.33250000000001,2.0,1,4,73.809857142,73.815,7.0,,,
2024,Dutch Grand Prix,RUS,Mercedes,4.0,70.244,0.570999999999998,76.2518888888889,75.557,3.0,2,7,74.03325,75.246,8.0,,,
2024,Dutch Grand Prix,PER,Red Bull Racing,5.0,70.416,0.742999999999995,76.18140277777778,75.471,2.0,1,6,72.643333333,73.108,3.0,,,
2024,Dutch Grand Prix,LEC,Ferrari,6.0,70.582,0.9089999999999918,75.98552777777779,75.29150000000001,2.0,1,3,73.782166666,73.7015,6.0,,,
2024,Dutch Grand Prix,ALO,Aston Martin,7.0,70.633,0.9599999999999937,76.88805633802818,76.661,2.0,1,10,72.8655,72.732,6.0,,,
2024,Dutch Grand Prix,STR,Aston Martin,8.0,70.857,1.1839999999999975,76.98916901408451,76.479,2.0,1,13,73.017142857,73.023,7.0,,,
2024,Dutch Grand Prix,GAS,Alpine,9.0,70.977,1.304000000000002,76.81863380281689,76.516,2.0,1,9,73.287666666,73.141,6.0,,,
2024,Dutch Grand Prix,SAI,Ferrari,10.0,70.914,1.2409999999999997,76.07855555555555,75.1885,2.0,1,5,73.3995,73.3995,2.0,,,
2024,Dutch Grand Prix,ALB,Williams,10.0,70.653,0.980000000000004,77.27084507042255,76.49,3.0,2,14,72.616,72.549,5.0,,,
2024,Dutch Grand Prix,HAM,Mercedes,11.0,70.948,1.2749999999999915,76.32108333333333,75.446,3.0,2,8,72.0235,72.0925,4.0,,,
2024,Dutch Grand Prix,TSU,RB,12.0,70.955,1.2819999999999965,77.61500000000001,76.889,3.0,2,17,72.7295,72.7675,6.0,,,
2024,Dutch Grand Prix,HUL,Haas F1 Team,13.0,71.215,1.5420000000000016,76.9680704225352,76.321,2.0,1,11,73.429666666,73.336,3.0,,,
2024,Dutch Grand Prix,MAG,Haas F1 Team,14.0,71.295,1.6219999999999999,77.62290140845073,77.0,2.0,2,18,73.0625,73.471,6.0,,,
2024,Dutch Grand Prix,RIC,RB,15.0,71.943,2.269999999999996,76.9941690140845,76.288,2.0,1,12,73.4768,73.953,5.0,,,
2024,Dutch Grand Prix,OCO,Alpine,16.0,71.995,2.3220000000000027,77.3577042253521,77.284,2.0,1,15,73.409833333,73.6235,6.0,,,
2024,Dutch Grand Prix,BOT,Kick Sauber,17.0,72.168,2.4950000000000045,77.83952857142859,76.96600000000001,3.0,2,19,73.217166666,73.096,6.0,,,
2024,Dutch Grand Prix,ZHO,Kick Sauber,18.0,73.261,3.587999999999994,78.30768571428571,77.69900000000001,3.0,2,20,73.787666666,73.635,6.0,,,
2024,Dutch Grand Prix,SAR,Williams,20.0,,,77.60645070422535,76.967,2.0,1,16,72.909,72.6715,4.0,,,
2024,Italian Grand Prix,NOR,McLaren,1.0,79.327,0.0,84.65811320754716,83.652,3.0,2,3,84.320416666,84.9965,12.0,,,
2024,Italian Grand Prix,PIA,McLaren,2.0,79.436,0.10900000000000887,84.59228301886793,83.66,3.0,2,2,84.369083333,85.153,12.0,,,
2024,Italian Grand Prix,RUS,Mercedes,3.0,79.44,0.11299999999999955,85.29135849056603,84.546,3.0,2,7,84.634375,84.8925,8.0,,,
2024,Italian Grand Prix,LEC,Ferrari,4.0,79.461,0.13400000000000034,84.54201886792453,83.731,2.0,1,1,84.242538461,85.062,13.0,,,
2024,Italian Grand Prix,SAI,Ferrari,5.0,79.467,0.14000000000000057,84.83675471698113,84.001,2.0,1,4,84.326636363,85.235,11.0,,,
2024,Italian Grand Prix,HAM,Mercedes,6.0,79.513,0.18600000000000705,84.97258490566038,83.818,3.0,2,5,83.9026,84.5025,10.0,,,
2024,Italian Grand Prix,VER,Red Bull Racing,7.0,80.022,0.6950000000000074,85.25771698113209,83.801,3.0,2,6,84.8874,85.1845,10.0,,,
2024,Italian Grand Prix,PER,Red Bull Racing,8.0,80.062,0.7349999999999994,85.56367924528304,84.773,3.0,2,8,84.210857142,84.673,7.0,,,
2024,Italian Grand Prix,ALB,Williams,9.0,80.299,0.9720000000000084,85.81477358490567,85.074,2.0,1,9,84.605545454,85.406,11.0,,,
2024,Italian Grand Prix,HUL,Haas F1 Team,10.0,80.339,1.0120000000000005,86.76148076923079,85.3385,3.0,2,17,84.5765,85.538,10.0,,,
2024,Italian Grand Prix,ALO,Aston Martin,11.0,80.421,1.0940000000000083,85.83437735849056,85.011,3.0,2,11,84.7459,85.799,10.0,,,
2024,Italian Grand Prix,RIC,RB,12.0,80.479,1.152000000000001,86.02224528301888,85.062,2.0,1,13,84.203285714,85.448,7.0,,,
2024,Italian Grand Prix,MAG,Haas F1 Team,13.0,80.698,1.3709999999999951,85.64205660377358,84.803,2.0,1,10,82.349666666,82.317,3.0,,,
2024,Italian Grand Prix,GAS,Alpine,14.0,80.738,1.4110000000000014,86.52059615384617,85.477,3.0,2,15,83.869166666,84.0165,6.0,,,
2024,Italian Grand Prix,OCO,Alpine,15.0,80.766,1.4390000000000072,86.41126923076924,86.03,2.0,1,14,83.153,82.371,7.0,,,
2024,Italian Grand Prix,TSU,RB,16.0,80.945,1.617999999999995,90.95271428571426,88.473,1.0,0,20,83.9128,83.506,5.0,,,
2024,Italian Grand Prix,STR,Aston Martin,17.0,81.013,1.686000000000007,87.00451923076922,85.62549999999999,4.0,3,19,84.5455,85.6935,12.0,,,
2024,Italian Grand Prix,COL,Williams,18.0,81.061,1.7340000000000089,86.07613207547169,85.147,2.0,1,12,83.943444444,84.16,9.0,,,
2024,Italian Grand Prix,BOT,Kick Sauber,19.0,81.101,1.774000000000001,86.6911153846154,86.3365,2.0,1,16,84.654111111,85.856,9.0,,,
2024,Italian Grand Prix,ZHO,Kick Sauber,20.0,81.445,2.117999999999995,86.93811538461537,85.9935,2.0,1,18,82.94425,83.0305,4.0,,,
2024,Azerbaijan Grand Prix,LEC,Ferrari,1.0,101.365,0.0,108.67784000000002,107.917,2.0,1,2,106.626375,106.2105,8.0,,,
2024,Azerbaijan Grand Prix,PIA,McLaren,2.0,101.686,0.32100000000001216,108.49345999999997,107.8555,2.0,1,1,108.253,108.5575,12.0,,,
2024,Azerbaijan Grand Prix,SAI,Ferrari,3.0,101.805,0.44000000000001194,108.60751020408162,108.091,2.0,1,18,107.7457,108.6595,10.0,,,
2024,Azerbaijan Grand Prix,PER,Red Bull Racing,4.0,101.813,0.4480000000000075,108.59587755102041,107.96,2.0,1,17,107.842636363,108.907,11.0,,,
2024,Azerbaijan Grand Prix,RUS,Mercedes,5.0,101.874,0.5090000000000003,109.1279,108.338,2.0,1,3,108.331636363,108.206,11.0,,,
2024,Azerbaijan Grand Prix,VER,Red Bull Racing,6.0,102.023,0.6580000000000013,109.06310204081632,108.448,3.0,2,5,107.70325,108.901,8.0,,,
2024,Azerbaijan Grand Prix,HAM,Mercedes,7.0,102.289,0.9240000000000066,110.33261999999999,108.61,2.0,2,9,106.585,108.036,7.0,,,
2024,Azerbaijan Grand Prix,ALO,Aston Martin,8.0,102.369,1.0040000000000049,110.22398000000001,109.102,2.0,1,6,106.5695,106.1665,4.0,,,
2024,Azerbaijan Grand Prix,COL,Williams,9.0,102.53,1.1650000000000063,110.29074,109.205,2.0,1,8,108.626777777,109.736,9.0,,,
2024,Azerbaijan Grand Prix,ALB,Williams,10.0,102.859,1.4939999999999998,110.25446000000002,109.184,2.0,1,7,108.6501,109.8255,10.0,,,
2024,Azerbaijan Grand Prix,BEA,Haas F1 Team,11.0,102.968,1.6030000000000086,110.35770000000001,108.79400000000001,2.0,1,10,108.654636363,110.225,11.0,,,
2024,Azerbaijan Grand Prix,TSU,RB,12.0,103.035,1.6700000000000017,115.90364285714286,112.803,2.0,1,20,108.540428571,109.945,7.0,,,
2024,Azerbaijan Grand Prix,HUL,Haas F1 Team,13.0,103.191,1.8260000000000076,110.39265999999999,108.86449999999999,2.0,1,11,105.4045,105.3505,4.0,,,
2024,Azerbaijan Grand Prix,STR,Aston Martin,14.0,103.404,2.0390000000000015,111.13511111111112,109.547,3.0,2,19,107.712333333,107.367,9.0,,,
2024,Azerbaijan Grand Prix,RIC,RB,15.0,103.547,2.182000000000002,110.26922448979593,109.604,2.0,1,13,108.156428571,107.646,7.0,,,
2024,Azerbaijan Grand Prix,GAS,Alpine,15.0,103.179,1.8140000000000072,110.61432,109.6685,2.0,1,12,108.657818181,109.945,11.0,,,
2024,Azerbaijan Grand Prix,NOR,McLaren,16.0,103.609,2.2439999999999998,109.23942000000001,108.92750000000001,2.0,1,4,108.914833333,109.1465,12.0,,,
2024,Azerbaijan Grand Prix,BOT,Kick Sauber,17.0,103.618,2.253,111.2459387755102,109.708,2.0,1,16,107.855666666,107.5665,6.0,,,
2024,Azerbaijan Grand Prix,ZHO,Kick Sauber,18.0,104.246,2.8810000000000002,110.67104081632654,110.317,2.0,1,14,107.483333333,107.496,6.0,,,
2024,Azerbaijan Grand Prix,OCO,Alpine,19.0,104.504,3.13900000000001,110.88244897959183,110.455,2.0,2,15,108.3406,108.8105,10.0,,,
2024,Singapore Grand Prix,NOR,McLaren,1.0,89.525,0.0,97.62211290322581,96.9075,2.0,1,1,94.2785,94.3735,6.0,,,
2024,Singapore Grand Prix,VER,Red Bull Racing,2.0,89.728,0.20299999999998875,97.95993548387096,97.256,2.0,1,2,92.87225,92.818,4.0,,,
2024,Singapore Grand Prix,HAM,Mercedes,3.0,89.841,0.3159999999999883,98.99708064516128,98.3415,2.0,1,6,94.0644,93.9,5.0,,,
2024,Singapore Grand Prix,RUS,Mercedes,4.0,89.867,0.34199999999999875,98.60662903225808,98.1765,2.0,1,4,92.75625,92.708,4.0,,,
2024,Singapore Grand Prix,PIA,McLaren,5.0,89.953,0.42799999999999727,98.29667741935482,98.1695,2.0,1,3,92.929,93.1,4.0,,,
2024,Singapore Grand Prix,HUL,Haas F1 Team,6.0,90.115,0.5899999999999892,99.27395081967214,98.649,2.0,1,9,92.9795,93.0215,4.0,,,
2024,Singapore Grand Prix,ALO,Aston Martin,7.0,90.214,0.688999999999993,99.2367868852459,98.573,2.0,1,8,92.8038,92.966,5.0,,,
2024,Singapore Grand Prix,TSU,RB,8.0,90.354,0.8289999999999935,99.36660655737705,99.034,2.0,1,12,93.3004,92.582,5.0,,,
2024,Singapore Grand Prix,LEC,Ferrari,9.0,89.747,0.2219999999999942,98.62904838709677,98.658,2.0,1,5,91.7358,91.665,5.0,,,
2024,Singapore Grand Prix,SAI,Ferrari,10.0,90.108,0.5829999999999984,99.17112903225807,98.51650000000001,2.0,1,7,93.190666666,92.6625,6.0,,,
2024,Singapore Grand Prix,ALB,Williams,11.0,90.474,0.9489999999999981,104.04686666666666,99.762,2.0,1,20,92.4668,92.238,5.0,,,
2024,Singapore Grand Prix,COL,Williams,12.0,90.481,0.9559999999999889,99.3254918032787,98.833,2.0,1,11,94.343666666,93.729,6.0,,,
2024,Singapore Grand Prix,PER,Red Bull Racing,13.0,90.579,1.0539999999999878,99.2982786885246,98.722,2.0,1,10,92.9296,93.266,5.0,,,
2024,Singapore Grand Prix,MAG,Haas F1 Team,14.0,90.653,1.1280000000000001,100.7365357142857,99.4385,3.0,2,19,92.8312,92.983,5.0,,,
2024,Singapore Grand Prix,OCO,Alpine,15.0,90.769,1.2439999999999998,99.943868852459,99.245,2.0,1,13,93.405,93.953,5.0,,,
2024,Singapore Grand Prix,RIC,RB,16.0,91.085,1.559999999999988,100.69454098360656,99.251,4.0,3,18,92.717,92.652,3.0,,,
2024,Singapore Grand Prix,STR,Aston Martin,17.0,91.094,1.5689999999999884,100.00232786885245,99.511,2.0,1,14,93.101166666,93.478,6.0,,,
2024,Singapore Grand Prix,GAS,Alpine,18.0,91.312,1.786999999999992,100.19065573770492,99.498,2.0,1,17,93.2502,93.185,5.0,,,
2024,Singapore Grand Prix,BOT,Kick Sauber,19.0,91.572,2.046999999999997,100.1704918032787,99.859,2.0,1,16,94.8384,95.066,5.0,,,
2024,Singapore Grand Prix,ZHO,Kick Sauber,20.0,92.054,2.5289999999999964,100.16050819672131,99.743,2.0,1,15,93.35225,93.3025,4.0,,,
2024,United States Grand Prix,NOR,McLaren,1.0,92.33,0.0,100.15840740740741,99.53450000000001,2.0,1,4,,,,98.478944444,98.352,18.0
2024,United States Grand Prix,VER,Red Bull Racing,2.0,92.361,0.03100000000000591,100.18392592592592,99.1485,2.0,1,3,,,,98.185388888,98.1785,18.0
2024,United States Grand Prix,SAI,Ferrari,3.0,92.652,0.32200000000000273,99.99779629629629,99.0395,2.0,1,2,,,,98.235777777,98.2945,18.0
2024,United States Grand Prix,LEC,Ferrari,4.0,92.74,0.4099999999999966,99.80833333333332,99.0505,2.0,1,1,,,,98.429777777,98.317,18.0
2024,United States Grand Prix,PIA,McLaren,5.0,92.95,0.6200000000000045,101.22374545454547,99.65,2.0,1,5,,,,99.538333333,99.392,18.0
2024,United States Grand Prix,RUS,Mercedes,6.0,92.974,0.6440000000000055,102.10569090909091,99.965,2.0,2,6,,,,98.956555555,98.8595,18.0
2024,United States Grand Prix,GAS,Alpine,7.0,93.018,0.6880000000000024,102.45436363636364,100.73,2.0,1,12,,,,100.112833333,99.9825,18.0
2024,United States Grand Prix,ALO,Aston Martin,8.0,93.309,0.9789999999999992,102.90420370370369,101.2345,2.0,1,13,,,,100.287222222,100.248,18.0
2024,United States Grand Prix,MAG,Haas F1 Team,9.0,93.481,1.1509999999999962,101.46892592592593,100.467,3.0,2,11,,,,99.353777777,99.2095,18.0
2024,United States Grand Prix,PER,Red Bull Racing,10.0,93.02,0.6899999999999977,101.15807407407408,100.11,2.0,1,7,,,,99.518944444,99.6715,18.0
2024,United States Grand Prix,TSU,RB,11.0,93.506,1.176000000000002,102.00133962264151,101.002,2.0,1,14,,,,100.046,99.886,18.0
2024,United States Grand Prix,HUL,Haas F1 Team,12.0,93.544,1.2139999999999986,102.16325454545454,100.338,2.0,1,8,,,,99.363111111,99.3655,18.0
2024,United States Grand Prix,OCO,Alpine,13.0,93.597,1.266999999999996,103.72374074074075,101.4705,3.0,2,18,,,,100.041333333,100.0465,18.0
2024,United States Grand Prix,STR,Aston Martin,14.0,93.759,1.429000000000002,102.34162264150943,101.498,2.0,1,15,,,,100.097944444,100.0755,18.0
2024,United States Grand Prix,LAW,RB,15.0,93.339,1.0090000000000003,101.46307407407409,100.6175,2.0,1,9,,,,100.158333333,99.996,18.0
2024,United States Grand Prix,ALB,Williams,16.0,94.051,1.7210000000000036,103.17762962962964,101.618,3.0,2,16,,,,100.0345,99.8875,18.0
2024,United States Grand Prix,COL,Williams,17.0,94.062,1.7319999999999993,102.37798181818184,100.591,2.0,1,10,,,,100.022611111,99.9185,18.0
2024,United States Grand Prix,BOT,Kick Sauber,18.0,94.152,1.8220000000000027,103.58574074074075,101.17,2.0,1,17,,,,100.663888888,100.424,18.0
2024,United States Grand Prix,HAM,Mercedes,19.0,94.154,1.823999999999998,108.064,108.064,1.0,0,20,,,,99.019833333,98.769,18.0
2024,United States Grand Prix,ZHO,Kick Sauber,20.0,94.228,1.8979999999999961,104.70689090909089,101.474,3.0,2,19,,,,100.536,100.3835,18.0
2024,Mexico City Grand Prix,SAI,Ferrari,1.0,75.946,0.0,85.29295774647888,81.079,2.0,1,1,81.171913043,81.689,23.0,,,
2024,Mexico City Grand Prix,VER,Red Bull Racing,2.0,76.171,0.22500000000000853,86.1318028169014,81.58,2.0,1,6,,,,,,
2024,Mexico City Grand Prix,NOR,McLaren,3.0,76.26,0.31400000000000716,85.35922535211267,80.859,2.0,1,2,81.0097,81.7125,20.0,,,
2024,Mexico City Grand Prix,LEC,Ferrari,4.0,76.265,0.3190000000000026,85.77728169014082,81.262,3.0,2,3,80.80717647,81.448,17.0,,,
2024,Mexico City Grand Prix,RUS,Mercedes,5.0,76.356,0.4099999999999966,85.97656338028169,81.708,2.0,1,5,79.041,79.041,1.0,,,
2024,Mexico City Grand Prix,HAM,Mercedes,6.0,76.651,0.7049999999999983,85.92366197183101,81.536,2.0,1,4,81.234368421,81.839,19.0,,,
2024,Mexico City Grand Prix,MAG,Haas F1 Team,7.0,76.886,0.9399999999999977,86.18932394366198,81.946,2.0,1,7,81.722111111,82.429,18.0,,,
2024,Mexico City Grand Prix,GAS,Alpine,8.0,76.892,0.945999999999998,86.77695714285717,82.64,2.0,1,10,82.004333333,82.442,18.0,,,
2024,Mexico City Grand Prix,ALB,Williams,9.0,77.065,1.1189999999999998,,,1.0,0,19,,,,,,
2024,Mexico City Grand Prix,HUL,Haas F1 Team,10.0,77.365,1.418999999999997,86.5502857142857,82.2795,2.0,1,9,81.798294117,82.478,17.0,,,
2024,Mexico City Grand Prix,TSU,RB,11.0,77.129,1.183000000000007,,,1.0,0,20,81.688944444,82.434,18.0,,,
2024,Mexico City Grand Prix,LAW,RB,12.0,77.162,1.2160000000000082,87.43237142857143,83.1095,3.0,2,16,82.022117647,82.622,17.0,,,
2024,Mexico City Grand Prix,ALO,Aston Martin,13.0,77.168,1.2220000000000084,101.74926666666667,84.366,1.0,0,18,80.907090909,81.014,11.0,,,
2024,Mexico City Grand Prix,STR,Aston Martin,14.0,77.294,1.347999999999999,86.8696,82.8675,2.0,1,11,82.019647058,82.8,17.0,,,
2024,Mexico City Grand Prix,BOT,Kick Sauber,15.0,77.817,1.8709999999999951,87.11467142857144,83.30799999999999,2.0,1,14,81.7748125,82.595,16.0,,,
2024,Mexico City Grand Prix,COL,Williams,16.0,77.558,1.612000000000009,86.90424285714286,83.061,2.0,1,12,82.104388888,82.647,18.0,,,
2024,Mexico City Grand Prix,PIA,McLaren,17.0,77.597,1.6509999999999962,86.20743661971831,82.667,2.0,1,8,81.3926,81.9,20.0,,,
2024,Mexico City Grand Prix,PER,Red Bull Racing,18.0,77.611,1.6650000000000063,87.55834285714286,82.816,4.0,3,17,81.702631578,82.477,19.0,,,
2024,Mexico City Grand Prix,OCO,Alpine,19.0,77.617,1.6710000000000065,87.07804285714285,83.245,2.0,2,13,82.037526315,82.395,19.0,,,
2024,Mexico City Grand Prix,ZHO,Kick Sauber,20.0,78.072,2.1260000000000048,87.39317142857142,83.5305,2.0,1,15,82.1115,82.828,16.0,,,
2024,São Paulo Grand Prix,NOR,McLaren,1.0,83.405,0.0,88.59928358208957,84.446,3.0,2,6,,,,72.34625,72.3065,20.0
2024,São Paulo Grand Prix,RUS,Mercedes,2.0,83.578,0.17300000000000182,88.50752238805971,84.383,3.0,2,4,,,,72.7438,72.657,20.0
2024,São Paulo Grand Prix,TSU,RB,3.0,84.111,0.7060000000000031,88.80149253731345,84.762,3.0,2,7,,,,73.853142857,73.748,21.0
2024,São Paulo Grand Prix,OCO,Alpine,4.0,84.475,1.0699999999999932,88.32616417910448,84.504,2.0,1,2,,,,73.59547619,73.464,21.0
2024,São Paulo Grand Prix,LAW,RB,5.0,84.484,1.0789999999999935,89.1299104477612,84.834,3.0,2,9,,,,73.141619047,73.105,21.0
2024,São Paulo Grand Prix,LEC,Ferrari,6.0,84.525,1.1200000000000045,88.65179104477613,84.672,3.0,2,5,,,,72.51385,72.412,20.0
2024,São Paulo Grand Prix,PIA,McLaren,8.0,84.686,1.281000000000006,88.7619552238806,84.869,3.0,2,8,,,,72.3439,72.2615,20.0
2024,São Paulo Grand Prix,ALO,Aston Martin,9.0,88.998,5.5930000000000035,89.4820895522388,84.702,3.0,2,14,,,,74.38675,74.209,20.0
2024,São Paulo Grand Prix,STR,Aston Martin,10.0,86.334,2.929000000000002,,,1.0,0,19,,,,74.540047619,74.269,21.0
2024,São Paulo Grand Prix,BOT,Kick Sauber,11.0,86.472,3.066999999999993,89.53307462686567,85.203,2.0,1,13,,,,74.025619047,73.991,21.0
2024,São Paulo Grand Prix,VER,Red Bull Racing,12.0,87.771,4.366,88.0506119402985,84.269,2.0,1,1,,,,72.32565,72.3195,20.0
2024,São Paulo Grand Prix,PER,Red Bull Racing,13.0,88.158,4.753,89.38244776119404,85.253,3.0,2,11,,,,72.894714285,72.849,21.0
2024,São Paulo Grand Prix,SAI,Ferrari,14.0,89.406,6.001000000000005,90.7143888888889,86.176,3.0,3,16,,,,72.687,72.396,21.0
2024,São Paulo Grand Prix,GAS,Alpine,15.0,89.614,6.209000000000003,88.44259701492538,84.41,2.0,1,3,,,,73.069619047,73.049,21.0
2024,São Paulo Grand Prix,HAM,Mercedes,16.0,91.15,7.7450000000000045,89.13016417910445,84.825,3.0,2,10,,,,73.434,73.41,21.0
2024,São Paulo Grand Prix,BEA,Haas F1 Team,17.0,91.229,7.823999999999998,89.37219402985076,85.027,3.0,2,12,,,,73.729571428,73.388,21.0
2024,São Paulo Grand Prix,COL,Williams,18.0,91.27,7.864999999999995,90.27536666666668,85.79849999999999,2.0,1,17,,,,73.617571428,73.47,21.0
2024,São Paulo Grand Prix,HUL,Haas F1 Team,19.0,91.623,8.218000000000004,88.30792592592591,85.005,4.0,3,20,,,,73.564388888,73.413,18.0
2024,São Paulo Grand Prix,ZHO,Kick Sauber,20.0,92.263,8.858000000000004,90.41636363636364,86.05199999999999,5.0,4,15,,,,74.239380952,74.227,21.0
2024,Las Vegas Grand Prix,RUS,Mercedes,1.0,92.312,0.0,98.51938,97.73150000000001,3.0,2,1,97.483692307,98.576,13.0,,,
2024,Las Vegas Grand Prix,SAI,Ferrari,2.0,92.41,0.09799999999999898,98.75749999999998,97.7685,3.0,2,3,97.500727272,98.368,11.0,,,
2024,Las Vegas Grand Prix,GAS,Alpine,3.0,92.664,0.35200000000000387,102.46486666666668,99.956,2.0,1,20,98.092666666,99.0585,12.0,,,
2024,Las Vegas Grand Prix,LEC,Ferrari,4.0,92.783,0.47100000000000364,98.80503999999999,97.964,3.0,2,4,97.07390909,97.967,11.0,,,
2024,Las Vegas Grand Prix,VER,Red Bull Racing,5.0,92.797,0.48499999999999943,98.85102,97.7045,3.0,2,5,98.2549,98.5125,10.0,,,
2024,Las Vegas Grand Prix,NOR,McLaren,6.0,93.008,0.695999999999998,99.38707999999998,98.35849999999999,4.0,3,6,97.89125,98.4905,8.0,,,
2024,Las Vegas Grand Prix,TSU,RB,7.0,93.029,0.7169999999999987,99.77554,98.5625,3.0,2,9,98.573363636,99.019,11.0,,,
2024,Las Vegas Grand Prix,PIA,McLaren,8.0,93.033,0.7210000000000036,99.54668,98.32849999999999,3.0,2,7,97.584307692,98.163,13.0,,,
2024,Las Vegas Grand Prix,HUL,Haas F1 Team,9.0,93.062,0.75,99.71553999999998,98.57,3.0,2,8,98.6035,99.1465,12.0,,,
2024,Las Vegas Grand Prix,HAM,Mercedes,10.0,108.106,15.793999999999997,98.66564,97.339,3.0,2,2,96.859625,97.228,8.0,,,
2024,Las Vegas Grand Prix,OCO,Alpine,11.0,93.221,0.909000000000006,100.57202040816327,99.388,4.0,3,17,98.16975,98.947,12.0,,,
2024,Las Vegas Grand Prix,MAG,Haas F1 Team,12.0,93.297,0.9849999999999994,99.91544,99.05850000000001,2.0,1,12,97.837833333,98.5415,6.0,,,
2024,Las Vegas Grand Prix,ZHO,Kick Sauber,13.0,93.566,1.2540000000000049,100.00108000000002,99.331,3.0,2,13,97.5644,97.639,5.0,,,
2024,Las Vegas Grand Prix,COL,Williams,14.0,93.749,1.4369999999999976,100.02282,98.512,3.0,3,14,98.0135,98.268,8.0,,,
2024,Las Vegas Grand Prix,LAW,RB,15.0,94.257,1.9450000000000074,100.33948000000001,99.41,3.0,2,16,98.19125,98.3505,8.0,,,
2024,Las Vegas Grand Prix,PER,Red Bull Racing,16.0,94.155,1.8430000000000035,99.78165999999999,98.34299999999999,3.0,2,10,98.1556,98.5975,10.0,,,
2024,Las Vegas Grand Prix,ALO,Aston Martin,17.0,94.258,1.945999999999998,99.90327999999998,98.595,3.0,2,11,96.26725,96.1555,4.0,,,
2024,Las Vegas Grand Prix,ALB,Williams,18.0,94.425,2.1129999999999995,101.28084000000001,99.537,2.0,1,19,99.629,99.629,1.0,,,
2024,Las Vegas Grand Prix,BOT,Kick Sauber,19.0,94.43,2.118000000000009,100.76028571428571,99.581,3.0,2,18,98.1443,99.358,10.0,,,
2024,Las Vegas Grand Prix,STR,Aston Martin,20.0,94.484,2.171999999999997,100.20142000000001,98.65100000000001,3.0,2,15,97.867222222,97.648,9.0,,,
2024,Qatar Grand Prix,VER,Red Bull Racing,1.0,80.52,0.0,91.00656603773585,84.896,4.0,3,1,,,,85.541222222,85.38,18.0
2024,Qatar Grand Prix,RUS,Mercedes,2.0,80.575,0.05500000000000682,96.04257894736843,85.973,5.0,4,4,,,,85.230111111,85.28,18.0
2024,Qatar Grand Prix,NOR,McLaren,3.0,80.772,0.25200000000000955,92.8209259259259,85.143,5.0,4,10,,,,85.303388888,85.403,18.0
2024,Qatar Grand Prix,PIA,McLaren,4.0,80.829,0.3089999999999975,94.76075000000002,85.5755,4.0,3,3,,,,85.235055555,85.074,18.0
2024,Qatar Grand Prix,LEC,Ferrari,5.0,80.852,0.33200000000000784,93.57574545454546,85.323,4.0,3,2,,,,85.35,85.2435,18.0
2024,Qatar Grand Prix,HAM,Mercedes,6.0,81.011,0.49099999999999966,94.06752727272729,86.532,5.0,4,12,,,,85.433,85.448,18.0
2024,Qatar Grand Prix,SAI,Ferrari,7.0,81.041,0.5210000000000008,96.18945614035087,85.568,4.0,3,6,,,,85.224055555,85.294,18.0
2024,Qatar Grand Prix,ALO,Aston Martin,8.0,81.251,0.7310000000000088,96.23140350877192,86.687,4.0,3,7,,,,86.012277777,85.7165,18.0
2024,Qatar Grand Prix,PER,Red Bull Racing,9.0,81.425,0.9050000000000011,95.4564054054054,86.455,4.0,3,17,,,,86.379875,86.245,16.0
2024,Qatar Grand Prix,MAG,Haas F1 Team,10.0,81.5,0.980000000000004,96.44736842105264,86.65,4.0,3,9,,,,85.772388888,85.536,18.0
2024,Qatar Grand Prix,GAS,Alpine,11.0,81.437,0.9170000000000016,96.1772807017544,86.514,4.0,3,5,,,,85.805833333,85.4675,18.0
2024,Qatar Grand Prix,ZHO,Kick Sauber,12.0,81.501,0.9810000000000088,96.32777192982456,86.609,4.0,3,8,,,,86.669714285,86.185,14.0
2024,Qatar Grand Prix,BOT,Kick Sauber,13.0,81.731,1.2109999999999985,94.44319999999999,87.753,4.0,3,11,,,,86.183333333,85.8815,18.0
2024,Qatar Grand Prix,TSU,RB,14.0,81.771,1.2510000000000048,96.9547894736842,87.574,5.0,4,13,,,,86.663333333,86.3895,18.0
2024,Qatar Grand Prix,STR,Aston Martin,15.0,81.911,1.3910000000000053,121.44525,132.94650000000001,3.0,2,18,,,,86.226277777,85.9085,18.0
2024,Qatar Grand Prix,ALB,Williams,16.0,82.39,1.8700000000000045,97.82664285714286,87.578,5.0,4,15,,,,86.663666666,86.4225,18.0
2024,Qatar Grand Prix,LAW,RB,17.0,82.411,1.8910000000000053,95.86683928571429,87.57,5.0,4,14,,,,86.672833333,86.411,18.0
2024,Qatar Grand Prix,HUL,Haas F1 Team,18.0,82.442,1.921999999999997,98.32071794871794,87.908,5.0,4,16,,,,85.501722222,85.477,18.0
2024,Qatar Grand Prix,COL,Williams,19.0,82.594,2.073999999999998,,,1.0,0,19,,,,86.411611111,86.202,18.0
2024,Qatar Grand Prix,OCO,Alpine,20.0,82.714,2.1940000000000026,,,1.0,0,20,,,,86.535,86.369,18.0
2024,Abu Dhabi Grand Prix,NOR,McLaren,1.0,82.595,0.0,89.53949999999999,88.4265,2.0,1,1,85.3434,84.501,5.0,,,
2024,Abu Dhabi Grand Prix,PIA,McLaren,2.0,82.804,0.20900000000000318,90.98468965517242,89.58699999999999,3.0,2,10,86.586,85.5445,10.0,,,
2024,Abu Dhabi Grand Prix,SAI,Ferrari,3.0,82.824,0.2289999999999992,89.64005172413792,88.479,2.0,1,2,84.794,84.678,6.0,,,
2024,Abu Dhabi Grand Prix,HUL,Haas F1 Team,4.0,82.886,0.2909999999999968,90.84215517241378,89.7865,2.0,1,8,87.128857142,88.309,14.0,,,
2024,Abu Dhabi Grand Prix,VER,Red Bull Racing,5.0,82.945,0.3499999999999943,90.39893103448276,89.4285,2.0,1,6,85.20025,85.1115,4.0,,,
2024,Abu Dhabi Grand Prix,GAS,Alpine,6.0,82.984,0.3889999999999958,90.79053448275862,89.65,2.0,1,7,85.235,85.398,5.0,,,
2024,Abu Dhabi Grand Prix,RUS,Mercedes,7.0,83.132,0.5370000000000061,90.18670689655174,88.9085,2.0,1,5,85.2475,85.329,4.0,,,
2024,Abu Dhabi Grand Prix,ALO,Aston Martin,8.0,83.196,0.6009999999999991,90.95972413793103,89.7705,3.0,2,9,85.14875,85.1555,4.0,,,
2024,Abu Dhabi Grand Prix,BOT,Kick Sauber,9.0,83.204,0.6089999999999947,94.90933333333332,90.2885,2.0,1,18,85.0508,85.54,5.0,,,
2024,Abu Dhabi Grand Prix,PER,Red Bull Racing,10.0,83.264,0.6689999999999969,,,1.0,0,20,85.8828,85.381,5.0,,,
2024,Abu Dhabi Grand Prix,TSU,RB,11.0,83.419,0.8239999999999981,91.36892982456139,89.911,2.0,1,12,85.263,85.3155,6.0,,,
2024,Abu Dhabi Grand Prix,LAW,RB,12.0,83.472,0.8769999999999953,92.30816363636363,89.869,4.0,3,17,85.1144,85.447,5.0,,,
2024,Abu Dhabi Grand Prix,STR,Aston Martin,13.0,83.784,1.1890000000000072,91.34673684210526,90.05,3.0,2,14,85.693666666,85.832,6.0,,,
2024,Abu Dhabi Grand Prix,LEC,Ferrari,14.0,83.833,1.2379999999999995,90.08998275862069,88.67599999999999,2.0,1,3,85.1784,84.744,5.0,,,
2024,Abu Dhabi Grand Prix,MAG,Haas F1 Team,15.0,83.877,1.2819999999999965,92.47171929824562,90.25,5.0,4,16,85.2546,85.561,5.0,,,
2024,Abu Dhabi Grand Prix,ALB,Williams,16.0,83.821,1.225999999999999,91.3077543859649,90.058,2.0,1,11,86.13375,85.549,4.0,,,
2024,Abu Dhabi Grand Prix,ZHO,Kick Sauber,17.0,83.88,1.2849999999999966,91.41394736842103,90.017,3.0,2,13,85.171,84.777,3.0,,,
2024,Abu Dhabi Grand Prix,HAM,Mercedes,18.0,83.887,1.2920000000000016,90.1685172413793,89.6605,2.0,1,4,86.104571428,85.331,7.0,,,
2024,Abu Dhabi Grand Prix,COL,Williams,19.0,83.912,1.3170000000000073,95.01653846153847,90.352,2.0,1,19,85.397333333,85.351,3.0,,,
2024,Abu Dhabi Grand Prix,DOO,Alpine,20.0,84.105,1.5100000000000051,91.5762456140351,90.404,2.0,1,15,86.817,86.599,6.0,,,
2025,Pre-Season Testing,RUS,Mercedes,1.0,89.158,0.0,97.13495161290321,96.66,2.0,1,1,93.231,93.231,1.0,,,
2025,Pre-Season Testing,VER,Red Bull Racing,2.0,89.34,0.18200000000000216,97.22253225806452,96.6235,2.0,1,2,93.376142857,93.62,7.0,,,
2025,Pre-Season Testing,PIA,McLaren,3.0,89.524,0.36599999999999966,97.26633870967741,96.767,2.0,1,4,93.304,93.6875,8.0,,,
2025,Pre-Season Testing,ANT,Mercedes,4.0,89.537,0.3790000000000049,97.6781935483871,97.0035,2.0,1,5,94.77725,94.8025,4.0,,,
2025,Pre-Season Testing,NOR,McLaren,5.0,89.586,0.42799999999999727,97.23279032258066,96.75,2.0,1,3,92.8972,92.226,5.0,,,
2025,Pre-Season Testing,HAM,Ferrari,6.0,89.688,0.5300000000000011,98.42932258064515,97.05799999999999,3.0,2,8,92.098333333,91.834,3.0,,,
2025,Pre-Season Testing,LEC,Ferrari,7.0,89.784,0.6260000000000048,97.87682258064515,97.369,2.0,1,6,92.3325,92.3305,4.0,,,
2025,Pre-Season Testing,HAD,Racing Bulls,8.0,89.846,0.6880000000000024,99.01150819672131,98.372,2.0,1,11,92.308,92.056,4.0,,,
2025,Pre-Season Testing,BEA,Haas F1 Team,9.0,89.868,0.7099999999999937,98.64345161290323,98.37,2.0,1,9,92.89025,92.9775,4.0,,,
2025,Pre-Season Testing,ALO,Aston Martin,10.0,89.955,0.796999999999997,98.43603225806451,97.8685,2.0,1,7,92.682166666,92.554,6.0,,,
2025,Pre-Season Testing,HUL,Kick Sauber,11.0,90.141,0.9830000000000041,99.53126229508197,98.437,3.0,2,20,92.9604,93.352,5.0,,,
2025,Pre-Season Testing,LAW,Racing Bulls,12.0,90.32,1.161999999999992,99.17232786885243,98.696,2.0,1,15,93.2545,93.2545,2.0,,,
2025,Pre-Season Testing,TSU,Red Bull Racing,13.0,90.353,1.1949999999999932,99.04321311475412,98.365,2.0,1,12,93.66875,93.6305,4.0,,,
2025,Pre-Season Testing,BOR,Kick Sauber,14.0,90.82,1.661999999999992,99.49377049180328,98.65,2.0,1,17,92.97875,92.9,4.0,,,
2025,Pre-Season Testing,STR,Aston Martin,15.0,90.949,1.7909999999999968,99.12880327868851,98.67,2.0,1,13,93.123666666,93.053,6.0,,,
2025,Pre-Season Testing,COL,Alpine,16.0,90.982,1.823999999999998,99.4304426229508,98.649,2.0,1,16,94.05425,93.9015,4.0,,,
2025,Pre-Season Testing,OCO,Haas F1 Team,17.0,90.989,1.831000000000003,99.5,98.617,2.0,1,18,92.905,93.002,6.0,,,
2025,Pre-Season Testing,GAS,Alpine,18.0,91.261,2.1029999999999944,99.50537704918034,98.72,3.0,3,19,93.706333333,93.351,6.0,,,
2025,Pre-Season Testing,ALB,Williams,19.0,,,99.14240983606558,98.507,2.0,2,14,93.6974,93.282,5.0,,,
2025,Pre-Season Testing,SAI,Williams,20.0,,,98.90362295081967,98.477,2.0,1,10,93.082428571,92.791,7.0,,,
2025,Australian Grand Prix,NOR,McLaren,1.0,75.096,0.0,103.42830188679247,90.795,6.0,5,1,78.747833333,77.746,6.0,,,
2025,Australian Grand Prix,PIA,McLaren,2.0,75.18,0.08400000000000318,102.08446153846154,91.3335,6.0,5,9,77.3938,77.495,5.0,,,
2025,Australian Grand Prix,VER,Red Bull Racing,3.0,75.481,0.3849999999999909,103.34115094339623,91.598,6.0,5,2,78.4898,77.893,5.0,,,
2025,Australian Grand Prix,RUS,Mercedes,4.0,75.546,0.45000000000000284,103.68633962264151,91.885,6.0,5,3,79.6387,79.843,10.0,,,
2025,Australian Grand Prix,TSU,Racing Bulls,5.0,75.67,0.5739999999999981,104.08569811320754,93.444,6.0,5,12,77.461,77.65,3.0,,,
2025,Australian Grand Prix,ALB,Williams,6.0,75.737,0.6409999999999911,104.67238888888889,93.12049999999999,6.0,5,5,78.508166666,77.626,6.0,,,
2025,Australian Grand Prix,LEC,Ferrari,7.0,75.755,0.6589999999999918,103.93352830188681,92.614,6.0,5,8,79.490818181,80.825,11.0,,,
2025,Australian Grand Prix,HAM,Ferrari,8.0,75.973,0.8769999999999953,103.9671886792453,93.017,6.0,5,10,78.695714285,78.027,7.0,,,
2025,Australian Grand Prix,GAS,Alpine,9.0,75.98,0.8840000000000003,104.88916666666665,93.1995,6.0,5,11,78.5446,78.499,5.0,,,
2025,Australian Grand Prix,SAI,Williams,10.0,76.062,0.965999999999994,,,1.0,0,18,78.0158,77.437,5.0,,,
2025,Australian Grand Prix,HAD,Racing Bulls,11.0,76.175,1.0789999999999935,,,1.0,0,20,77.9115,78.0365,4.0,,,
2025,Australian Grand Prix,ALO,Aston Martin,12.0,76.453,1.3569999999999993,98.51737931034482,92.61,4.0,3,17,77.834,77.747,4.0,,,
2025,Australian Grand Prix,STR,Aston Martin,13.0,76.483,1.3870000000000005,104.73012962962963,94.084,6.0,5,6,78.125,78.1815,4.0,,,
2025,Australian Grand Prix,DOO,Alpine,14.0,76.863,1.766999999999996,,,1.0,0,19,78.452333333,78.025,6.0,,,
2025,Australian Grand Prix,BOR,Kick Sauber,15.0,77.52,2.4239999999999924,102.65563414634146,94.102,6.0,5,16,78.8572,78.706,5.0,,,
2025,Australian Grand Prix,ANT,Mercedes,16.0,76.525,1.429000000000002,104.57937037037036,94.24000000000001,6.0,5,4,78.949666666,78.5485,6.0,,,
2025,Australian Grand Prix,HUL,Kick Sauber,17.0,76.579,1.4829999999999899,104.74016666666667,94.90299999999999,6.0,5,7,77.926333333,77.772,3.0,,,
2025,Australian Grand Prix,LAW,Red Bull Racing,18.0,77.094,1.9979999999999905,101.75252380952381,93.98949999999999,5.0,5,15,78.3374,78.253,5.0,,,
2025,Australian Grand Prix,OCO,Haas F1 Team,19.0,77.147,2.051000000000002,103.84869811320755,94.582,6.0,5,13,78.618833333,78.448,6.0,,,
2025,Australian Grand Prix,BEA,Haas F1 Team,20.0,,,103.8700754716981,94.505,6.0,6,14,,,,,,
2025,Chinese Grand Prix,PIA,McLaren,1.0,90.641,0.0,97.41117857142856,96.9125,2.0,1,1,,,,97.118388888,97.004,18.0
2025,Chinese Grand Prix,RUS,Mercedes,2.0,90.723,0.08199999999999363,97.60933928571428,97.07849999999999,2.0,1,3,,,,97.311722222,97.3825,18.0
2025,Chinese Grand Prix,NOR,McLaren,3.0,90.793,0.15200000000000102,97.58524999999999,97.0515,2.0,1,2,,,,97.816666666,97.8755,18.0
2025,Chinese Grand Prix,VER,Red Bull Racing,4.0,90.817,0.17599999999998772,97.70860714285713,97.226,2.0,1,4,,,,97.353611111,97.1445,18.0
2025,Chinese Grand Prix,HAM,Ferrari,5.0,90.927,0.28600000000000136,97.86441071428571,97.4285,3.0,2,19,,,,96.851777777,96.899,18.0
2025,Chinese Grand Prix,LEC,Ferrari,6.0,91.021,0.37999999999999545,97.82566071428573,97.19800000000001,2.0,1,18,,,,97.325666666,97.2915,18.0
2025,Chinese Grand Prix,HAD,Racing Bulls,7.0,91.079,0.4379999999999882,98.81966071428572,98.018,3.0,2,11,,,,98.689,98.56,18.0
2025,Chinese Grand Prix,ANT,Mercedes,8.0,91.103,0.4619999999999891,98.3709642857143,97.85900000000001,2.0,1,6,,,,97.861555555,98.0055,18.0
2025,Chinese Grand Prix,TSU,Racing Bulls,9.0,91.638,0.9969999999999999,99.60976363636364,97.922,4.0,3,16,,,,97.839222222,97.908,18.0
2025,Chinese Grand Prix,ALB,Williams,10.0,91.706,1.0649999999999977,98.4169107142857,97.79849999999999,2.0,1,7,,,,98.649944444,98.309,18.0
2025,Chinese Grand Prix,OCO,Haas F1 Team,11.0,91.625,0.9839999999999947,98.30348214285713,97.8565,2.0,1,5,,,,98.878722222,99.0255,18.0
2025,Chinese Grand Prix,HUL,Kick Sauber,12.0,91.632,0.9909999999999997,99.55003636363637,98.736,2.0,1,15,,,,98.882705882,99.068,17.0
2025,Chinese Grand Prix,ALO,Aston Martin,13.0,91.688,1.046999999999997,111.39349999999999,102.67599999999999,1.0,0,17,,,,98.605222222,98.2125,18.0
2025,Chinese Grand Prix,STR,Aston Martin,14.0,91.773,1.1319999999999908,98.66482142857141,98.596,2.0,1,9,,,,97.932111111,97.691,18.0
2025,Chinese Grand Prix,SAI,Williams,15.0,91.84,1.198999999999998,98.77523214285713,98.113,2.0,1,10,,,,97.8858125,97.8225,16.0
2025,Chinese Grand Prix,GAS,Alpine,16.0,91.992,1.350999999999999,98.61108928571427,98.121,2.0,1,20,,,,98.587333333,98.756,18.0
2025,Chinese Grand Prix,BEA,Haas F1 Team,17.0,92.018,1.3769999999999953,98.50587499999999,97.965,2.0,1,8,,,,98.973888888,98.365,18.0
2025,Chinese Grand Prix,DOO,Alpine,18.0,92.092,1.4509999999999934,98.81119642857142,98.3275,2.0,1,13,,,,98.889235294,98.609,17.0
2025,Chinese Grand Prix,BOR,Kick Sauber,19.0,92.141,1.5,99.37785454545457,98.59,3.0,2,14,,,,98.833705882,98.949,17.0
2025,Chinese Grand Prix,LAW,Red Bull Racing,20.0,92.174,1.5330000000000013,98.86023214285714,97.743,3.0,3,12,,,,98.746166666,98.5755,18.0
2025,Japanese Grand Prix,VER,Red Bull Racing,1.0,86.983,0.0,92.9619433962264,92.448,2.0,1,1,88.67,88.67,1.0,,,
2025,Japanese Grand Prix,NOR,McLaren,2.0,86.995,0.012000000000000455,92.98879245283018,92.238,2.0,1,2,88.197,88.197,2.0,,,
2025,Japanese Grand Prix,PIA,McLaren,3.0,87.027,0.04399999999999693,93.00211320754717,92.386,2.0,1,3,89.38475,89.37,4.0,,,
2025,Japanese Grand Prix,LEC,Ferrari,4.0,87.299,0.3160000000000025,93.2656603773585,92.503,2.0,1,4,89.67825,89.4125,4.0,,,
2025,Japanese Grand Prix,RUS,Mercedes,5.0,87.318,0.33499999999999375,93.2895283018868,92.488,2.0,1,5,91.27,92.607,5.0,,,
2025,Japanese Grand Prix,ANT,Mercedes,6.0,87.555,0.5720000000000027,93.31422641509432,93.147,2.0,1,6,91.9795,92.269,4.0,,,
2025,Japanese Grand Prix,HAD,Racing Bulls,7.0,87.569,0.5859999999999985,93.66258490566038,93.637,2.0,1,8,91.5755,92.0125,4.0,,,
2025,Japanese Grand Prix,HAM,Ferrari,8.0,87.61,0.6269999999999953,93.51254716981131,93.215,2.0,1,7,91.6186,92.927,5.0,,,
2025,Japanese Grand Prix,ALB,Williams,9.0,87.615,0.6319999999999908,93.72358490566035,93.693,2.0,1,9,90.2065,90.2065,2.0,,,
2025,Japanese Grand Prix,BEA,Haas F1 Team,10.0,87.867,0.8840000000000003,93.99079245283018,93.375,2.0,1,10,90.434,90.355,3.0,,,
2025,Japanese Grand Prix,GAS,Alpine,11.0,87.822,0.8389999999999986,94.13405660377356,93.169,2.0,1,13,89.786,89.182,3.0,,,
2025,Japanese Grand Prix,SAI,Williams,12.0,87.836,0.8529999999999944,94.36060377358491,94.427,2.0,1,14,89.1025,89.1025,2.0,,,
2025,Japanese Grand Prix,ALO,Aston Martin,13.0,87.897,0.9140000000000015,94.04369811320755,93.018,2.0,1,11,89.978,89.978,1.0,,,
2025,Japanese Grand Prix,LAW,Racing Bulls,14.0,87.906,0.9230000000000018,94.52296226415093,94.342,2.0,1,17,91.8125,92.209,4.0,,,
2025,Japanese Grand Prix,TSU,Red Bull Racing,15.0,88.0,1.016999999999996,94.06384905660377,93.125,2.0,1,12,90.625,90.625,1.0,,,
2025,Japanese Grand Prix,HUL,Kick Sauber,16.0,88.57,1.586999999999989,94.50830188679242,93.529,2.0,1,16,91.40725,91.522,4.0,,,
2025,Japanese Grand Prix,BOR,Kick Sauber,17.0,88.622,1.6389999999999958,94.54490566037737,94.204,2.0,1,19,91.789,92.152,4.0,,,
2025,Japanese Grand Prix,OCO,Haas F1 Team,18.0,88.696,1.7129999999999939,94.53624528301884,94.208,2.0,1,18,91.37825,91.7215,4.0,,,
2025,Japanese Grand Prix,DOO,Alpine,19.0,88.877,1.8939999999999912,94.49616981132077,93.484,2.0,1,15,91.659,91.659,1.0,,,
2025,Japanese Grand Prix,STR,Aston Martin,20.0,89.271,2.2879999999999967,94.99830769230766,94.1215,3.0,2,20,92.57275,92.9465,4.0,,,
2025,Bahrain Grand Prix,PIA,McLaren,1.0,89.841,0.0,99.52437499999999,97.6065,3.0,2,1,94.234666666,94.69,6.0,,,
2025,Bahrain Grand Prix,RUS,Mercedes,2.0,90.009,0.16800000000000637,99.94875,97.8865,3.0,2,2,91.84,91.945,3.0,,,
2025,Bahrain Grand Prix,LEC,Ferrari,3.0,90.175,0.3340000000000032,100.01864285714285,97.7875,3.0,2,4,92.1056,91.729,5.0,,,
2025,Bahrain Grand Prix,ANT,Mercedes,4.0,90.213,0.3719999999999999,100.64744642857143,98.638,4.0,3,11,91.939333333,92.293,3.0,,,
2025,Bahrain Grand Prix,GAS,Alpine,5.0,90.216,0.375,101.32345614035087,98.312,3.0,2,7,92.7494,92.699,5.0,,,
2025,Bahrain Grand Prix,NOR,McLaren,6.0,90.267,0.42600000000000193,99.98400000000001,97.8885,3.0,2,3,93.349333333,92.876,3.0,,,
2025,Bahrain Grand Prix,VER,Red Bull Racing,7.0,90.423,0.5820000000000078,101.29526315789474,98.408,3.0,2,6,91.853,91.853,2.0,,,
2025,Bahrain Grand Prix,SAI,Williams,8.0,90.68,0.8390000000000128,102.38295454545455,99.25800000000001,4.0,3,19,93.794,93.778,5.0,,,
2025,Bahrain Grand Prix,HAM,Ferrari,9.0,90.772,0.9310000000000116,100.27203571428572,98.027,3.0,2,5,91.882666666,91.915,3.0,,,
2025,Bahrain Grand Prix,TSU,Red Bull Racing,10.0,91.303,1.4620000000000033,100.58903571428571,98.6005,3.0,2,9,92.909333333,93.012,3.0,,,
2025,Bahrain Grand Prix,DOO,Alpine,11.0,91.245,1.4040000000000106,101.61826315789473,98.811,3.0,2,14,93.0028,93.226,5.0,,,
2025,Bahrain Grand Prix,HAD,Racing Bulls,12.0,91.271,1.4300000000000068,101.67980701754387,98.893,3.0,2,13,92.506666666,92.768,3.0,,,
2025,Bahrain Grand Prix,ALO,Aston Martin,13.0,91.886,2.0450000000000017,100.85835714285714,98.75450000000001,3.0,2,15,94.5515,94.794,4.0,,,
2025,Bahrain Grand Prix,OCO,Haas F1 Team,14.0,91.594,1.7530000000000001,101.46805263157894,98.425,3.0,2,8,92.8986,93.069,5.0,,,
2025,Bahrain Grand Prix,ALB,Williams,15.0,92.04,2.1990000000000123,100.66335714285715,98.703,3.0,2,12,92.715333333,93.0,3.0,,,
2025,Bahrain Grand Prix,HUL,Kick Sauber,16.0,92.067,2.225999999999999,101.62994736842106,99.247,3.0,2,20,93.181,93.2085,4.0,,,
2025,Bahrain Grand Prix,LAW,Racing Bulls,17.0,92.165,2.3240000000000123,100.65635714285713,99.088,3.0,2,16,92.720666666,93.171,3.0,,,
2025,Bahrain Grand Prix,BOR,Kick Sauber,18.0,92.186,2.345000000000013,100.97157142857142,99.339,3.0,2,18,93.004666666,93.605,3.0,,,
2025,Bahrain Grand Prix,STR,Aston Martin,19.0,92.283,2.4420000000000073,100.93399999999998,99.262,3.0,2,17,93.2288,93.413,5.0,,,
2025,Bahrain Grand Prix,BEA,Haas F1 Team,20.0,92.373,2.5320000000000107,101.5268245614035,98.77,3.0,2,10,93.74525,94.1585,4.0,,,
2025,Saudi Arabian Grand Prix,VER,Red Bull Racing,1.0,87.294,0.0,94.35722916666667,93.073,2.0,1,2,89.347666666,89.6,3.0,,,
2025,Saudi Arabian Grand Prix,PIA,McLaren,2.0,87.304,0.010000000000005116,94.32264583333331,93.0395,2.0,1,1,91.61575,92.0405,8.0,,,
2025,Saudi Arabian Grand Prix,RUS,Mercedes,3.0,87.407,0.11299999999999955,94.93283333333333,93.89750000000001,2.0,1,5,89.34,89.34,2.0,,,
2025,Saudi Arabian Grand Prix,LEC,Ferrari,4.0,87.67,0.3760000000000048,94.54710416666667,93.5605,2.0,1,3,89.076,89.002,3.0,,,
2025,Saudi Arabian Grand Prix,ANT,Mercedes,5.0,87.866,0.5720000000000027,95.12464583333333,93.80449999999999,2.0,1,6,90.0078,89.689,5.0,,,
2025,Saudi Arabian Grand Prix,SAI,Williams,6.0,88.164,0.8700000000000045,95.82191666666667,94.63650000000001,2.0,1,8,91.107166666,90.336,6.0,,,
2025,Saudi Arabian Grand Prix,HAM,Ferrari,7.0,88.201,0.9069999999999965,95.27227083333334,93.9565,2.0,1,7,89.9576,89.62,5.0,,,
2025,Saudi Arabian Grand Prix,TSU,Red Bull Racing,8.0,88.204,0.9099999999999966,165.662,165.662,1.0,0,19,89.5705,89.522,4.0,,,
2025,Saudi Arabian Grand Prix,GAS,Alpine,9.0,88.367,1.0730000000000075,,,1.0,0,20,91.2664,90.296,5.0,,,
2025,Saudi Arabian Grand Prix,NOR,McLaren,10.0,87.481,0.1869999999999976,94.71422916666667,93.5205,2.0,1,4,89.0768,89.272,5.0,,,
2025,Saudi Arabian Grand Prix,ALB,Williams,11.0,88.109,0.8149999999999977,95.92666666666668,94.496,2.0,1,9,90.0955,89.9575,4.0,,,
2025,Saudi Arabian Grand Prix,LAW,Racing Bulls,12.0,88.191,0.8970000000000056,96.06504166666667,94.79849999999999,2.0,1,12,90.2502,90.253,5.0,,,
2025,Saudi Arabian Grand Prix,ALO,Aston Martin,13.0,88.303,1.0090000000000003,96.13520833333331,94.7595,2.0,1,11,90.2435,90.144,4.0,,,
2025,Saudi Arabian Grand Prix,HAD,Racing Bulls,14.0,88.418,1.1240000000000094,96.00102083333331,94.9175,2.0,1,10,89.88775,89.655,4.0,,,
2025,Saudi Arabian Grand Prix,BEA,Haas F1 Team,15.0,88.648,1.3539999999999992,96.30537500000001,94.751,2.0,1,13,90.3814,90.436,5.0,,,
2025,Saudi Arabian Grand Prix,STR,Aston Martin,16.0,88.645,1.350999999999999,96.80714893617021,95.642,2.0,1,16,90.53725,90.5275,4.0,,,
2025,Saudi Arabian Grand Prix,DOO,Alpine,17.0,88.739,1.4450000000000074,97.13621276595745,95.928,3.0,2,17,90.24375,90.1015,4.0,,,
2025,Saudi Arabian Grand Prix,HUL,Kick Sauber,18.0,88.782,1.4879999999999995,96.80902127659576,95.524,2.0,1,15,90.21225,90.054,4.0,,,
2025,Saudi Arabian Grand Prix,OCO,Haas F1 Team,19.0,89.092,1.7980000000000018,96.80141666666667,95.612,2.0,1,14,90.9976,91.456,5.0,,,
2025,Saudi Arabian Grand Prix,BOR,Kick Sauber,20.0,89.462,2.1680000000000064,97.15089361702128,96.004,2.0,1,18,,,,,,
2025,Miami Grand Prix,VER,Red Bull Racing,1.0,86.204,0.0,94.23759649122806,92.096,2.0,1,4,,,,101.403888888,101.305,9.0
2025,Miami Grand Prix,NOR,McLaren,2.0,86.269,0.06500000000001194,93.61784210526315,91.478,2.0,1,2,,,,101.0951,101.0515,10.0
2025,Miami Grand Prix,ANT,Mercedes,3.0,86.271,0.06700000000000728,94.51033333333334,92.5,2.0,1,6,,,,101.85625,102.046,8.0
2025,Miami Grand Prix,PIA,McLaren,4.0,86.375,0.17100000000000648,93.53661403508772,91.465,2.0,1,1,,,,101.089,100.86,9.0
2025,Miami Grand Prix,RUS,Mercedes,5.0,86.385,0.1810000000000116,94.1970350877193,92.356,2.0,1,3,,,,101.737714285,101.579,7.0
2025,Miami Grand Prix,SAI,Williams,6.0,86.569,0.3650000000000091,94.59936842105263,92.521,2.0,1,9,,,,102.78,102.758,3.0
2025,Miami Grand Prix,ALB,Williams,7.0,86.682,0.47800000000000864,94.3798947368421,92.39,2.0,1,5,,,,102.326571428,102.392,7.0
2025,Miami Grand Prix,LEC,Ferrari,8.0,86.754,0.5500000000000114,94.5372456140351,92.509,2.0,1,7,,,,,,
2025,Miami Grand Prix,OCO,Haas F1 Team,9.0,86.824,0.6200000000000045,94.9753157894737,92.099,1.0,1,12,,,,102.76125,102.758,4.0
2025,Miami Grand Prix,TSU,Red Bull Racing,10.0,86.943,0.7390000000000043,94.7547543859649,92.673,2.0,1,10,,,,101.2608,102.898,5.0
2025,Miami Grand Prix,HAD,Racing Bulls,11.0,86.987,0.7830000000000013,94.84542105263158,91.902,1.0,1,11,,,,102.65825,102.724,4.0
2025,Miami Grand Prix,HAM,Ferrari,12.0,87.006,0.8020000000000067,94.59250877192983,92.503,2.0,1,8,,,,101.072625,101.874,8.0
2025,Miami Grand Prix,BOR,Kick Sauber,13.0,87.151,0.9470000000000027,98.1153,93.554,1.0,1,18,,,,102.989,102.989,1.0
2025,Miami Grand Prix,DOO,Alpine,14.0,87.186,0.9820000000000135,,,1.0,0,20,,,,103.0865,103.0865,2.0
2025,Miami Grand Prix,LAW,Racing Bulls,15.0,87.363,1.159000000000006,98.51419444444444,94.4405,2.0,1,17,,,,102.39,102.455,5.0
2025,Miami Grand Prix,HUL,Kick Sauber,16.0,87.473,1.2690000000000055,95.22753571428571,93.269,2.0,1,14,,,,102.937,102.937,2.0
2025,Miami Grand Prix,ALO,Aston Martin,17.0,87.604,1.4000000000000057,95.58153571428572,93.1745,2.0,1,15,,,,102.306833333,102.296,6.0
2025,Miami Grand Prix,GAS,Alpine,18.0,87.71,1.5060000000000002,95.12336842105262,92.874,2.0,2,13,,,,102.703,102.703,2.0
2025,Miami Grand Prix,STR,Aston Martin,19.0,87.83,1.6260000000000048,95.65623214285714,93.01150000000001,1.0,1,16,,,,101.491,102.493,5.0
2025,Miami Grand Prix,BEA,Haas F1 Team,20.0,87.999,1.7950000000000017,95.95455555555554,93.626,1.0,0,19,,,,102.8014,102.949,5.0
2025,Monaco Grand Prix,NOR,McLaren,1.0,69.954,0.0,77.35696153846155,75.3965,3.0,2,1,73.759857142,73.8405,14.0,,,
2025,Monaco Grand Prix,LEC,Ferrari,2.0,70.063,0.10900000000000887,77.39710256410254,75.424,3.0,2,2,73.213538461,73.901,13.0,,,
2025,Monaco Grand Prix,PIA,McLaren,3.0,70.129,0.17500000000001137,77.40385897435898,75.328,3.0,2,3,72.6696,72.3375,10.0,,,
2025,Monaco Grand Prix,HAM,Ferrari,4.0,70.382,0.4280000000000115,78.01576923076924,75.93950000000001,3.0,2,5,73.85075,74.4055,12.0,,,
2025,Monaco Grand Prix,VER,Red Bull Racing,5.0,70.669,0.7150000000000034,77.62070512820515,75.41550000000001,3.0,2,4,73.68375,73.4215,8.0,,,
2025,Monaco Grand Prix,HAD,Racing Bulls,6.0,70.923,0.9690000000000083,79.20681818181818,77.451,3.0,2,6,72.727,72.736,7.0,,,
2025,Monaco Grand Prix,ALO,Aston Martin,7.0,70.924,0.9700000000000131,80.75283333333333,77.40799999999999,2.0,1,19,73.958571428,73.627,7.0,,,
2025,Monaco Grand Prix,OCO,Haas F1 Team,8.0,70.942,0.9879999999999995,79.21911688311688,77.467,3.0,2,7,74.1915,73.9475,8.0,,,
2025,Monaco Grand Prix,LAW,Racing Bulls,9.0,71.129,1.1750000000000114,79.22842857142857,77.04,3.0,2,8,73.9156,73.5845,10.0,,,
2025,Monaco Grand Prix,ALB,Williams,10.0,71.213,1.2590000000000003,79.54884210526315,77.79050000000001,3.0,2,9,74.627,75.335,13.0,,,
2025,Monaco Grand Prix,SAI,Williams,11.0,71.362,1.4080000000000013,79.59309210526315,78.6395,3.0,2,10,74.4786,74.956,10.0,,,
2025,Monaco Grand Prix,TSU,Red Bull Racing,12.0,71.415,1.4610000000000127,80.33805263157895,78.928,3.0,2,17,74.595636363,75.518,11.0,,,
2025,Monaco Grand Prix,HUL,Kick Sauber,13.0,71.596,1.6420000000000101,80.3340394736842,78.76400000000001,3.0,2,16,74.476384615,74.829,13.0,,,
2025,Monaco Grand Prix,RUS,Mercedes,14.0,71.507,1.5530000000000115,79.83798684210527,78.9305,3.0,3,11,73.90990909,73.338,11.0,,,
2025,Monaco Grand Prix,ANT,Mercedes,15.0,71.88,1.926000000000002,80.56335999999999,79.075,3.0,2,18,74.363692307,75.175,13.0,,,
2025,Monaco Grand Prix,BOR,Kick Sauber,16.0,71.902,1.9480000000000075,80.29298684210526,78.3805,4.0,3,14,74.365363636,74.75,11.0,,,
2025,Monaco Grand Prix,BEA,Haas F1 Team,17.0,71.979,2.0250000000000057,80.11231578947367,78.4685,3.0,2,12,74.607142857,75.2345,14.0,,,
2025,Monaco Grand Prix,GAS,Alpine,18.0,71.994,2.0400000000000063,93.94414285714285,91.509,2.0,1,20,74.201266666,74.268,15.0,,,
2025,Monaco Grand Prix,STR,Aston Martin,19.0,72.563,2.609000000000009,80.31892105263157,78.795,3.0,2,15,74.284818181,74.631,11.0,,,
2025,Monaco Grand Prix,COL,Alpine,20.0,72.597,2.6430000000000007,80.14417105263159,78.594,3.0,2,13,74.93,75.331,13.0,,,
2025,Spanish Grand Prix,PIA,McLaren,1.0,71.546,0.0,84.50568181818181,80.2325,4.0,3,1,,,,,,
2025,Spanish Grand Prix,NOR,McLaren,2.0,71.755,0.20899999999998897,84.54312121212122,80.20949999999999,4.0,3,2,,,,,,
2025,Spanish Grand Prix,VER,Red Bull Racing,3.0,71.848,0.3019999999999925,84.68486363636364,80.0715,5.0,4,10,,,,,,
2025,Spanish Grand Prix,RUS,Mercedes,4.0,71.848,0.3019999999999925,84.67778787878788,80.6055,4.0,3,4,,,,,,
2025,Spanish Grand Prix,HAM,Ferrari,5.0,72.045,0.4989999999999952,84.74065151515151,80.75399999999999,4.0,3,6,,,,,,
2025,Spanish Grand Prix,ANT,Mercedes,6.0,72.111,0.5649999999999977,82.0741886792453,81.289,3.0,2,18,,,,,,
2025,Spanish Grand Prix,LEC,Ferrari,7.0,72.131,0.5849999999999937,84.6640909090909,80.3685,4.0,3,3,,,,,,
2025,Spanish Grand Prix,GAS,Alpine,8.0,72.199,0.6529999999999916,84.7766212121212,81.93799999999999,4.0,3,8,,,,,,
2025,Spanish Grand Prix,HAD,Racing Bulls,9.0,72.252,0.7059999999999889,84.7484393939394,81.34100000000001,4.0,3,7,,,,,,
2025,Spanish Grand Prix,ALO,Aston Martin,10.0,72.284,0.7379999999999995,84.83240909090908,81.72200000000001,4.0,3,9,,,,,,
2025,Spanish Grand Prix,ALB,Williams,11.0,72.641,1.0949999999999989,85.30177777777779,82.346,3.0,2,19,,,,,,
2025,Spanish Grand Prix,BOR,Kick Sauber,12.0,72.756,1.2099999999999937,84.89956060606062,81.939,3.0,2,12,,,,,,
2025,Spanish Grand Prix,LAW,Racing Bulls,13.0,72.763,1.2169999999999987,84.8925303030303,81.787,3.0,2,11,,,,,,
2025,Spanish Grand Prix,BEA,Haas F1 Team,15.0,73.315,1.7689999999999912,84.91575757575758,82.0635,4.0,3,17,,,,,,
2025,Spanish Grand Prix,HUL,Kick Sauber,16.0,73.19,1.6439999999999912,84.71246969696969,81.7125,4.0,3,5,,,,,,
2025,Spanish Grand Prix,OCO,Haas F1 Team,17.0,73.201,1.654999999999987,84.99351515151514,82.3185,3.0,2,16,,,,,,
2025,Spanish Grand Prix,SAI,Williams,18.0,73.203,1.6569999999999965,84.94975757575757,81.775,4.0,3,14,,,,,,
2025,Spanish Grand Prix,COL,Alpine,19.0,73.334,1.7879999999999967,84.98115151515151,82.664,4.0,3,15,,,,,,
2025,Spanish Grand Prix,TSU,Red Bull Racing,20.0,73.385,1.8389999999999986,84.94237878787878,81.6445,5.0,5,13,,,,,,
2025,Canadian Grand Prix,RUS,Mercedes,1.0,70.899,0.0,78.7526857142857,75.6745,6.0,5,1,,,,,,
2025,Canadian Grand Prix,VER,Red Bull Racing,2.0,71.059,0.1599999999999966,78.75594285714286,75.7805,6.0,5,2,,,,,,
2025,Canadian Grand Prix,PIA,McLaren,3.0,71.12,0.22100000000000364,78.78281428571428,75.7055,6.0,5,4,,,,,,
2025,Canadian Grand Prix,ANT,Mercedes,4.0,71.391,0.49200000000000443,78.76717142857142,75.642,6.0,5,3,,,,,,
2025,Canadian Grand Prix,HAM,Ferrari,5.0,71.526,0.6269999999999953,78.90572857142858,76.346,6.0,5,6,,,,,,
2025,Canadian Grand Prix,ALO,Aston Martin,6.0,71.586,0.6869999999999976,78.90942857142858,76.68350000000001,7.0,6,7,,,,,,
2025,Canadian Grand Prix,NOR,McLaren,7.0,71.625,0.7259999999999991,76.32530303030302,75.6845,3.0,2,18,,,,,,
2025,Canadian Grand Prix,LEC,Ferrari,8.0,71.682,0.7830000000000013,78.80185714285714,76.0745,6.0,5,5,,,,,,
2025,Canadian Grand Prix,HAD,Racing Bulls,9.0,71.867,0.9680000000000035,80.02065217391304,77.381,5.0,4,16,,,,,,
2025,Canadian Grand Prix,ALB,Williams,10.0,71.907,1.0079999999999956,78.32782608695652,77.44149999999999,2.0,1,20,,,,,,
2025,Canadian Grand Prix,TSU,Red Bull Racing,11.0,72.102,1.203000000000003,79.97310144927536,77.407,5.0,4,12,,,,,,
2025,Canadian Grand Prix,COL,Alpine,12.0,72.142,1.242999999999995,79.9957391304348,77.444,5.0,4,13,,,,,,
2025,Canadian Grand Prix,HUL,Kick Sauber,13.0,72.183,1.284000000000006,78.97217142857143,77.13900000000001,6.0,5,8,,,,,,
2025,Canadian Grand Prix,BEA,Haas F1 Team,14.0,72.34,1.4410000000000025,79.94789855072463,77.212,5.0,4,11,,,,,,
2025,Canadian Grand Prix,OCO,Haas F1 Team,15.0,72.634,1.7349999999999994,79.9153768115942,77.284,5.0,4,9,,,,,,
2025,Canadian Grand Prix,BOR,Kick Sauber,16.0,72.385,1.4860000000000042,80.00821739130434,77.589,5.0,4,14,,,,,,
2025,Canadian Grand Prix,SAI,Williams,17.0,72.398,1.4989999999999952,79.92136231884058,77.291,5.0,4,10,,,,,,
2025,Canadian Grand Prix,STR,Aston Martin,18.0,72.517,1.617999999999995,80.02537681159421,77.476,6.0,5,17,,,,,,
2025,Canadian Grand Prix,LAW,Racing Bulls,19.0,72.525,1.6260000000000048,78.42022641509436,77.728,2.0,2,19,,,,,,
2025,Canadian Grand Prix,GAS,Alpine,20.0,72.667,1.7680000000000007,80.00924637681159,77.727,5.0,5,15,,,,,,
